department,budget_rec,budget_dev,exch_rec,exch_dev,exp_rec,exp_dev,exp_exch_rec,exp_exch_dev,abs_rec,abs_dev,county
County Assembly,828.96,78.83,818.3,55,818,54.7,100,100,NA,1.5,baringo
The Governors Office,3603,23,3594,11,3596,20.36,100.1,181.8,99.8,87.2,baringo
County Finance and Economic Planning,235,190,226,NA,235,182.07,103.7,NA,100,95.7,baringo
"Roads, Transport, Energy and Public Works",37,513,36,362,36,406.04,101.8,112.3,97.2,79.1,baringo
"Trade, Cooperatives and Industrialization",NA,NA,NA,NA,NA,194.64,72.6,91.6,72.6,99.6,baringo
Education and Vocational Training,92,160,85,143,85,126.21,99.4,88.1,91.9,78.8,baringo
Health Services,508,449,329,314,501,203.17,152.1,64.7,98.5,45.3,baringo
"Lands, Housing & Urban Development",NA,NA,NA,NA,NA,49.34,105.2,97.8,96.6,75.3,baringo
"Agriculture, Livestock, and Fisheries Management",NA,NA,NA,NA,NA,216.53,118.9,88.2,89.5,37.1,baringo
"Youth Affairs, Sports, Culture, Gender and Social Services",NA,NA,NA,NA,NA,79.33,103.9,130.3,94.1,90.8,baringo
Water and Irrigation,95,810,94,618,95,582.36,101.2,94.3,100,71.9,baringo
"Environment, Tourism, Wildlife Management, Natural Resources and Mining",NA,NA,NA,NA,NA,1.2,99.9,1.4,99.9,0.9,baringo
Total,5606,3287,5371,2157,5555,2116,103.4,98.1,99.1,64.4,baringo
Administration and Public Service,2385.23,31,2270.14,23.33,2270.14,23.33,100,100,95.2,75.2,bomet
"Finance, Economic Planning & ICT",241.47,162.6,211.63,119.56,211.37,119.56,99.9,100,87.5,73.5,bomet
"Lands, Housing and Urban Planning",114.85,173.5,53.23,143.05,53.19,143.05,99.9,100,46.3,82.5,bomet
"Gender, Culture and Social Services",20.26,13,15.83,NA,15.73,NA,99.4,NA,77.7,NA,bomet
Medical Services and Public Health,1888.43,125.6,1798.17,75.86,1798.13,75.86,100,100,95.2,60.4,bomet
"Agriculture, Livestock and Cooperatives",126.51,432.2,40.25,295.2,40.24,295.2,100,100,31.8,68.3,bomet
Water Sanitation and Environment,102.37,427.86,87.97,364.33,87.97,364.33,100,100,85.9,85.2,bomet
"Education, Vocational Training, Youth & Sports",298.93,138.75,257.99,88.61,257.99,88.61,100,100,86.3,63.9,bomet
"Roads, Public Works and Transport",43.14,603.77,30.16,557.36,30.16,557.36,100,100,69.9,92.3,bomet
"Trade, Energy, Tourism and Industry",11.23,110.5,10.15,34,10.15,34,100,100,90.4,30.8,bomet
County Assembly,901.9,168,855.22,118.61,855.19,118.57,100,100,94.8,70.6,bomet
Total,6134.31,2386.79,5630.75,1819.9,5630.28,1819.86,100,100,91.8,76.2,bomet
"Agriculture, Livestock, Fisheries and Cooperative Development",369.28,754.68,343.03,502.55,288.04,508.1,84,101.1,78,67.3,bungoma
"Tourism, Forestry, Environment, Water and Natural Resources",441.54,708.42,424.18,594.26,413.38,221.04,97.5,37.2,93.6,31.2,bungoma
Roads and Public Works,113.46,1133.08,101.31,1018.99,91.6,981.62,90.4,96.3,80.7,86.6,bungoma
"Education, Science and ICT",1211.58,460.1,1095.24,309.7,1117.75,316.15,102.1,102.1,92.3,68.7,bungoma
Health and Sanitation,3742.76,257.62,2747.5,165.58,2404.95,125.81,87.5,76,64.3,48.8,bungoma
"Trade, Energy and Industrialization",68.93,767.34,63.29,314.32,49.26,308.88,77.8,98.3,71.5,40.3,bungoma
"Gender, Culture, Youth and Sports",108.73,190.36,103.81,96.99,93.08,97.64,89.7,100.7,85.6,51.3,bungoma
"Land, Urban and Physical Planning",49.1,37.79,43.75,30.98,37.01,15.72,84.6,50.8,75.4,41.6,bungoma
Bungoma Municipality,9.74,132.92,9.71,95.66,20.72,59.77,213.4,62.5,212.8,45,bungoma
Kimilili Municipality,27.29,172.48,30.03,28.09,27.58,41.66,91.8,148.3,101.1,24.2,bungoma
Housing,46.86,147.82,40.32,115.86,28.16,151.3,69.8,130.6,60.1,102.4,bungoma
Finance and Planning,1210.31,310.35,968.1,113.55,1122.63,163.63,116,144.1,92.8,52.7,bungoma
County Public Service,52.35,14.5,48.91,NA,41.47,NA,84.8,NA,79.2,NA,bungoma
Governor's,453.73,NA,426.1,NA,438.84,NA,103,NA,96.7,NA,bungoma
D/Governor's Office,27.34,355.63,4.19,NA,21.81,NA,520.7,NA,79.8,NA,bungoma
Public Administration,854.24,45.51,857.38,22.73,580.68,29.26,67.7,128.7,68,64.3,bungoma
County Secretary,20.11,NA,16.62,NA,19.89,NA,119.7,NA,98.9,NA,bungoma
Sub County Administrators,6,NA,NA,NA,11.2,NA,NA,NA,186.6,NA,bungoma
County Attorney,13.76,NA,NA,NA,NA,NA,NA,NA,NA,NA,bungoma
County Assembly,1132.24,151.74,1132.24,93.01,1132.24,93.01,100,100,100,61.3,bungoma
Total,9959.34,5640.34,8455.7,3502.27,7940.27,3113.59,93.9,88.9,79.7,55.2,bungoma
"Agriculture, Livestock",280.13,865.58,280.04,552.9,208.82,743.54,35.4,134.5,35.4,85.9,busia
"Trade, Cooperative, Tourism & Industry",96.21,405.29,96.1,244.92,56.08,180.93,39,73.9,39,44.6,busia
Education & Vocational Training,715.05,63.34,697.2,7.83,487.07,67.53,45.9,862.5,44.7,106.6,busia
Finance & Economic Planning,659.2,78.92,659.2,49.89,618.16,68.04,72.7,136.4,72.7,86.2,busia
"Youths, Sports, Culture, Gender, Arts",149.25,44.73,149.16,NA,81.66,17.5,47.7,NA,47.7,39.1,busia
"Transport, Roads & Public Works.",247.59,524.49,232.39,224.14,160.33,333.18,53.6,148.6,50.3,63.5,busia
Public Service Management,512.47,NA,512.32,NA,433.08,NA,65.5,NA,65.5,NA,busia
"Lands, Housing & Urban Development",170.23,174.95,169.98,14.64,160.7,29.58,72.1,202,71.7,16.9,busia
"Water, Environment, Irrigation",161.9,666.51,156.22,366.4,115.26,309.09,56,84.4,54.2,46.4,busia
Health and Sanitation,2372.29,407.51,2365.37,85.03,1929.95,139.22,73.4,163.7,73.2,34.2,busia
Public Service Board,100.77,NA,100.32,NA,68.7,NA,48.6,NA,48.3,NA,busia
Office of the Governor,354.16,43.58,349.7,29.69,281.02,38.26,79.7,128.9,78.7,87.8,busia
County Assembly,890.56,90.5,890.56,51.69,780.28,74.24,88.3,143.6,88.3,82,busia
County Attorney,85.75,NA,85.69,NA,58.45,NA,68.2,NA,68.8,NA,busia
Strategic Partnerships,52.08,10,45.23,NA,6.03,NA,13.3,NA,11.6,NA,busia
Total,6847.62,3355.41,6789.48,1626.37,5445.93,2001.1,80.2,123,79.5,59.6,busia
County Assembly,706.84,NA,706.72,NA,706.72,NA,100,NA,100,NA,elgeyo_marakwet
Office of the Governor,162.51,NA,162.34,NA,161.5,NA,99.5,NA,99.4,NA,elgeyo_marakwet
Finance and Economic Planning,219.15,NA,216.06,NA,214.25,NA,99.2,NA,93.9,NA,elgeyo_marakwet
"Agriculture, Livestock and Fisheries",156.93,593.41,155.06,277.61,153.94,297.72,99.3,107.2,77.3,50.2,elgeyo_marakwet
"Water, Environment and Climate Change",56.07,534.17,54.84,316.43,52,210.17,94.8,66.8,87.4,39.3,elgeyo_marakwet
Education and Technical Training,375.25,173.16,375.19,122.45,375.14,122.06,100,99.7,100,70.5,elgeyo_marakwet
Health and Sanitation,1771.66,408.1,1684.76,120.06,1684.76,280.03,100,233.2,95.6,68.6,elgeyo_marakwet
"Lands, Housing, Physical Planning and Urban Development",68.64,128.44,66.08,97.46,66.08,100.35,100,103,97.9,78.1,elgeyo_marakwet
"Roads, Public Works and Transport",186.42,257.58,185.86,205.51,185.86,204.35,100,99.4,99.7,79.3,elgeyo_marakwet
"Tourism, Culture, Wildlife, Trade and Industry",75.16,369.08,73.75,62.6,73.1,12.48,99.1,19.9,97.3,3.4,elgeyo_marakwet
"Youth Affairs, Sports, and ICT",94.84,59.84,94.75,25.92,94.75,25.92,100,100,99.9,43.3,elgeyo_marakwet
Public Service Management,315.72,29.09,51.84,6.26,312.81,6.26,100,100,99.9,21.5,elgeyo_marakwet
County Public Service Board,52.05,NA,51.84,NA,51.41,NA,99.2,NA,98.8,NA,elgeyo_marakwet
Total,4241.23,2552.88,4140.06,1234.31,4132.32,1259.36,99.9,101.5,96.7,49.4,elgeyo_marakwet
Office of Governor,276.284841,15,229.394319,15,268.009081,15,116.8,100,97,100,embu
County Public Service Board,29.565052,NA,27.628325,NA,27.767167,NA,100.5,NA,93.9,NA,embu
Public Service and Administration,577.557787,8.200579,556.095582,10.864611,546.855156,7.878601,98.3,72.5,94.7,96.1,embu
County Assembly,624.02195,30,549.806511,29.212756,549.806512,29.212756,100,100,88.1,97.4,embu
Finance and Economic Planning.,581.384769,1,547.402281,0.999444,579.322022,0.999494,105.8,100,99.6,99.9,embu
Trade Tourism Investment and Industrialization,26.006296,338.676384,22.148286,101.26405,24.99903,119.680539,112.9,118.2,96.1,35.3,embu
"Agriculture, Livestock, Fisheries and Cooperative Development",290.631865,730.755833,230.541293,356.677366,231.699759,356.677366,100.5,100,79.7,48.8,embu
Water Environment and Natural Resources,31.990326,151.164368,29.827801,88.821944,30.279924,128.079988,101.5,144.2,94.7,84.7,embu
Health,1912.540958,185.308989,1946.397843,117.700467,1852.96299,120.299668,95.2,102.2,96.9,64.9,embu
Embu Level 5 Hospital,224.3264,116,174.036444,17.500696,222.032767,21.984489,127.6,125.6,99,19,embu
"Infrastructure, Public Works and Housing.",39.755872,603.823415,23.397098,523.708425,36.980122,521.615662,158.1,99.6,93,86.4,embu
"Education, Science and Technology",380.832042,181.865603,374.840033,162.24933,370.136953,162.250561,98.7,100,97.2,89.2,embu
Youth Empowerment and Sports and Gender Empowerment,179.991287,21.237367,177.15397,6.963349,169.844979,9.483458,95.9,136.2,94.4,44.7,embu
"Lands, Physical Planning and Urban Development & Water",67.83387,53.482142,64.120352,38.856941,67.454595,37.85694,105.2,97.4,99.4,70.8,embu
Embu County Revenue Authority (ECRA),12.861423,8.3,6.573867,NA,8.811002,NA,134,NA,68.5,NA,embu
Embu Municipal Board,48.55,42.15,15.05,22.15,48.55,22.15,322.6,100,100,52.6,embu
Climate Change Unit,17,144.5,17,84.473323,17,33.273179,100,39.4,100,23,embu
Total,5321.134738,2631.46468,4991.414004,1576.442702,5052.512058,1586.442702,101.2,100.6,95,60.3,embu
"Agriculture, Livestock & Pastoral",128.31,517.82,119.37,221.16,99.3,217.8,83.2,98.5,77.4,42.1,garissa
"Gender, Social Service and Sport",46.21,70,38.8,NA,27.58,NA,71.1,NA,59.7,NA,garissa
"Roads, Transport & Public Works",46.07,288,35.42,152.22,24.05,163.94,67.9,107.7,52.2,56.9,garissa
"Education, Information & ICT",515.21,119.69,487.15,36.84,456.12,32.63,93.6,88.6,88.5,27.3,garissa
"Lands, Physical Planning and Urban Development",358.04,205,351.3,175.41,353.04,51.6,100.5,29.4,98.6,25.2,garissa
Finance and Economic Planning,1032.16,741.18,920.03,614.59,596.06,481.39,64.8,78.3,57.7,64.9,garissa
Health and Sanitation,2464.76,324.72,2447.92,196.68,2258.69,144.74,92.3,73.6,91.6,44.6,garissa
"Trade, Investments Development and Tourism",75,440,61.2,142.5,61.67,142.5,100.8,100,82.2,32.4,garissa
"Water, Environment and Natural Resources",220.8,1436.86,200.58,1276.7,171.74,627.86,85.6,49.2,77.8,43.7,garissa
"County Affairs, Public Service and Intergovernmental Relations",504.77,NA,429.63,NA,270.99,NA,63.1,NA,53.7,NA,garissa
County Public Service Board,34.07,15,27.8,NA,26,NA,93.5,NA,76.3,NA,garissa
County Assembly,963.73,153,917.32,69.2,917.32,69.2,100,100,95.2,45.2,garissa
Totals,6389.15,4311.27,6036.53,2885.3,5262.56,1931.67,87.2,66.9,82.4,44.8,garissa
Finance and Economic Planning,690.61,36.35,536.45,19.5,536.45,33.75,100,173.1,77.7,92.8,homa_bay
County Public Service Board,73.5,3.14,61.68,NA,61.68,0,100,0,83.9,0,homa_bay
County Assembly Service Board,1053.47,151.55,987.39,22.61,987.19,21.59,100,95.5,93.7,14.2,homa_bay
Homa Bay Municipal Board,26.76,17.24,24.52,17.22,24.52,17.22,100,100,91.6,99.9,homa_bay
Office of the Deputy Governor and Department of Agriculture and Livestock,216.28,451.27,179.22,421.57,179.22,349.74,100,83,82.9,77.5,homa_bay
"Gender Equality and Inclusivity, Youth, Sports, Talent Development, Cultural Heritage and Social Services",135.72,63.03,113.15,62.85,113.15,62.85,100,100,83.4,99.7,homa_bay
"Roads, Public Works, Transport and Infrastructure",157.39,716.29,133.03,713.62,133.03,716.29,100,100.4,84.5,100,homa_bay
"Blue Economy, Fisheries, Mining and Digital Economy",93.29,68.57,75.51,53.55,75.51,53.55,100,100,80.9,78.1,homa_bay
"Education, Human Capital Development and Vocational Training",1153.3,266.92,863.2,139.71,863.2,266.53,100,190.8,74.8,99.9,homa_bay
Public Health and Medical Services,2502.83,257.15,2104.24,223.55,2104.24,257,100,115,84.1,99.9,homa_bay
"Lands, Physical Planning, Housing and Urban Development",49.31,485.01,44.97,482.76,44.97,484.76,100,100.4,91.2,99.9,homa_bay
"Trade, Industry, Tourism, Cooperative Development and Marketing",160.26,486.22,135.05,226.97,135.05,258.05,100,113.7,84.3,53.1,homa_bay
"Water, Sanitation, Irrigation, Environment, Energy and Climate Change",237.83,387.46,162.14,387.46,162.13,387.46,100,100,68.2,100,homa_bay
"Governance, Administration, Communication and Devolution",442.6,15,253.66,15,253.66,15,100,100,57.3,100,homa_bay
Executive Office of the Governor,634.33,70,381,57.6,381,69.6,100,120.8,60.1,99.4,homa_bay
Kendu Bay Municipal Board,7.87,7.85,NA,7.79,NA,7.79,0,100,NA,99.2,homa_bay
Mbita Municipal Board,7.87,7.85,NA,7.61,NA,7.61,0,100,NA,96.9,homa_bay
Ndhiwa Municipal Board,7.87,8.55,NA,8.55,NA,8.55,0,100,NA,100,homa_bay
Oyugis Municipal Board,8.83,7.85,NA,7.85,NA,7.85,0,100,NA,100,homa_bay
Total,7659.93,3507.3,6055.19,2875.77,6055,3025.19,100,105.2,79,86.3,homa_bay
County Executive Sector,362.1,NA,312.35,NA,261.48,NA,83.7,NA,72.2,NA,isiolo
County Treasury and Economic Planning and Special Programmes and ICT and Cohesion,576.29,442.79,521.98,299.05,452.85,270.22,86.8,90.4,78.6,61,isiolo
"Lands, Urban Planning, Roads, Housing and Public Works",41.93,258.11,33.99,231.07,27.02,246.05,79.5,106.5,64.4,95.3,isiolo
"Agriculture, Livestock, Veterinary and Fisheries",173.92,431.26,146.41,421.01,149.75,295.5,102.3,70.2,86.1,68.5,isiolo
"Education, Youth, Sports, and Gender, Culture and Social Services",280.92,55.77,259.35,35.22,263.12,17.96,101.5,51,93.7,32.2,isiolo
"Tourism, Culture and Trade, Including PSM",468.11,8,452.79,4.98,397.23,1.99,87.7,40,84.9,24.9,isiolo
"Water, Energy, Environment and Natural Resources Management",72.29,279.69,67.13,189.74,34.51,36.96,51.4,19.5,47.7,13.2,isiolo
Health Services,1387,113.11,1373.64,30.87,1165.69,14.67,84.9,47.5,84,13,isiolo
Municipal Administration,49.77,138.5,43.09,100.07,24.89,77.41,57.8,77.4,50,55.9,isiolo
Total,3951.59,1767.22,3705.71,1331.78,3271.53,980.54,88.3,73.6,82.8,55.5,isiolo
Office of the Governor and Deputy Governor,268.56,0,172.35,0,172.35,0,100,0,64.2,0,kajiado
County Public Service Board,121.84,0,104.79,0,104.79,0,100,0,86,0,kajiado
Medical Service and Public Health,2587.4,338.47,2357.37,69.98,2357.37,69.98,100,100,91.1,20.7,kajiado
"Water, Irrigation, Environment and Natural Resources",224.87,396.77,185.48,276.5,185.48,276.5,100,100,82.5,69.7,kajiado
"Road, Transport, Public Works and Energy",197.19,219.5,180.89,100.92,180.89,100.92,100,100,91.7,46,kajiado
Public Service Administration and Citizen Participation,840.9,0,714.8,0,714.8,0,100,0,85,0,kajiado
County Treasury,919.19,1325.24,514.21,985.32,514.21,985.32,100,100,55.9,74.4,kajiado
"Lands, Physical Planning and Urban Development",138.89,103,118.19,75,118.19,73,100,97.3,85.1,70.9,kajiado
County Assembly,889.87,183,824.11,58.78,824.05,58.78,100,0,92.6,32.1,kajiado
"Education, Youth and Sport",746.4,121,674.6,35.97,674.6,35.97,100,0,90.4,29.7,kajiado
"Gender, Cooperative, Culture, Tourism and Wildlife",230.38,0,125.22,0,125.22,0,100,0,54.4,0,kajiado
"Agriculture, Livestock, Veterinary and Fisheries",292.12,396.72,233.76,198.7,233.76,198.7,100,100,80,50.1,kajiado
"Trade, Investment and Enterprise Development",223.48,100,211.89,22.27,211.89,22.27,100,100,94.8,22.3,kajiado
Kajiado Municipality,61.11,108,57.73,38.2,57.73,38.2,100,100,94.5,35.4,kajiado
Ngong Municipality,92.95,165,86.24,114.5,86.24,114.5,100,100,92.8,69.4,kajiado
Office of the County Attorney,159.85,0,157.27,0,157.27,0,100,0,98.4,0,kajiado
Kitengela Municipality,45.78,90,39.31,64.07,39.31,64.17,100,100.2,85.9,71.3,kajiado
Total,8040.79,3546.7,6758.24,2040.2,6758.18,2038.3,100,99.9,84,57.5,kajiado
County Assembly,1400.8,NA,1406.2,NA,1305.9,NA,92.9,NA,93.2,NA,kakamega
"Agriculture, Livestock, Fisheries and Co-Operatives",92.9,948.3,81.1,455.7,82.6,275.3,101.8,60.4,88.9,29,kakamega
Health Services,1058.2,299.3,950.6,242.7,730.2,119.3,76.8,49.2,69,39.9,kakamega
"Education, Science & Technology",445.3,213.5,319.8,128.2,439.1,33.2,137.3,25.9,98.6,15.5,kakamega
"Transport, Infrastructure, Public Works and Energy",28.7,1330.1,27.2,810.8,18.2,890.3,67,109.8,63.5,66.9,kakamega
"Lands, Housing, Urban Areas and Physical Planning",249.1,410.5,219.4,318.6,223,190.9,101.6,59.9,89.5,46.5,kakamega
"Social Services, Youth & Sports",414.4,369,331.1,310,407.9,251.2,123.2,81,98.4,68.1,kakamega
"Trade, Industrialization & Tourism",48.7,269.5,48.7,203.7,41,233.8,84.3,114.8,84.3,86.7,kakamega
"Water, Environment and Natural Resources",49.1,641.2,35.6,434.6,45.4,490.4,127.7,112.8,92.5,76.5,kakamega
Public Service and Administration,6692.1,141.7,6405.8,46.6,6524,71.3,101.8,153,97.5,50.3,kakamega
Office of the Governor,524,14.3,420.5,0.3,396.3,0.3,94.3,100,75.6,2.3,kakamega
Finance and Economic Planning,842.5,164,666.8,19.3,792.4,158.2,118.8,821.7,94,96.5,kakamega
County Public Service Board,17.4,NA,16,NA,18.3,NA,114.6,NA,105.1,NA,kakamega
"ICT, E-Government & Communication",31.9,89.9,23.2,36.2,32.1,89.1,138.1,246,100.6,99,kakamega
Total,11895,4891,10952,3007,11056,2803,101,93.2,92.9,57.3,kakamega
County Assembly,844.58,35.55,808.82,11.33,808.82,11.33,100,100,95.8,31.9,kericho
Public Service Management,433.87,13.24,405.42,12.21,418.95,9.74,103.3,79.8,96.6,73.6,kericho
Governorâ€™s Office,134.1,NA,133.05,NA,127.27,NA,95.7,NA,94.9,NA,kericho
County Public Service Board,69.61,NA,68.42,NA,65.52,NA,95.8,NA,94.1,NA,kericho
Finance and Economic Planning,292.45,206.65,297.82,91.12,287.78,136.18,96.6,149.4,98.4,65.9,kericho
Health Services,2600.21,295.77,2246.42,143.32,2273.8,149.7,101.2,104.5,87.4,50.6,kericho
"Agriculture, Livestock and Fisheries",155.25,511.79,147.24,318.17,148.93,298.75,101.2,93.9,95.9,58.4,kericho
"Education, Youth, Culture and Social Services",730.48,180.1,702.51,155.2,700.74,141.48,99.7,91.2,95.9,78.6,kericho
"Public Works, Roads and Transport",104.82,753.05,94.04,639.72,91.3,615.33,97.1,96.2,87.1,81.7,kericho
"Trade, Industrialization, Tourism, Wildlife and Co-Operative Development",59.22,57.2,56.46,56.68,58.01,54.16,102.8,95.6,98,94.7,kericho
"Environment, Water, Energy and Natural Resources",174.26,572.57,168.36,398.18,157.88,202.06,93.8,50.7,90.6,35.3,kericho
"Lands, Housing and Physical Planning",95.94,59.76,94.83,43.48,91.69,45.01,96.7,103.5,95.6,75.3,kericho
"Information, Communication and E-Government",58.79,45.51,47.82,17.85,40.51,22.19,84.7,124.3,68.9,48.8,kericho
Total,5753.58,2731.19,5271.21,1887.26,5271.2,1685.94,100,89.3,91.6,61.7,kericho
County Assembly,1628.99,127,1419.79,NA,1419.79,NA,100,NA,87.2,NA,kiambu
County Executive,401.23,NA,311.33,NA,363.09,NA,116.6,NA,90.5,NA,kiambu
County Public Service Board,87.51,NA,63.51,NA,69.71,NA,109.8,NA,79.7,NA,kiambu
Finance & Economic Planning & ICT,1501.47,141.97,1268.54,55,1323.56,52.69,104.3,95.8,88.2,37.1,kiambu
"Water, Environment & Natural Resources",570.43,628.16,546.9,365.45,512.2,230.48,93.7,63.1,89.8,36.7,kiambu
Health Services,7534.4,882.48,6806.83,500.74,6657.92,503.3,97.8,100.5,88.4,57,kiambu
"Roads, Transport & Public Works",749.11,1986.65,634.66,1107.46,653.63,1065.09,103,96.2,87.3,53.6,kiambu
Administration & Public Service,988.88,68.57,870.5,47.01,862.06,49.48,99,105.3,87.2,72.2,kiambu
"Agriculture, Livestock and Cooperatives",482.19,1319.2,478.96,652.37,425.89,639.39,88.9,98,88.3,48.5,kiambu
"Education, Gender, Culture & Social Services",1558.95,590.44,1333.23,413.65,1492.66,452.87,112,109.5,95.7,76.7,kiambu
"Youth Affairs, Sports & Communication",159.39,125.99,128.64,36.44,133.18,35.09,103.5,96.3,83.6,27.9,kiambu
"Lands, Housing, Physical Planning & Municipal Adm & Urban Devt",406.23,363.47,297.68,250.14,293.61,256.38,98.6,102.5,72.3,70.5,kiambu
"Trade, Tourism, Industrialization & Investment",180.68,731.47,128.91,142.05,124.13,166.49,96.3,117.2,68.7,22.8,kiambu
Totals,16249.46,6965.4,14289.48,3570.3,14331.44,3451.25,100.3,96.7,88.2,49.5,kiambu
County Assembly,1000.06,231.27,996.87,128.88,996.87,128.88,100,100,99.7,55.7,kilifi
County Division for Office of the Governor,402.73,NA,395.48,NA,375.77,NA,95,NA,93.3,NA,kilifi
County Division for Finance,574.84,18.44,531.53,NA,533.92,NA,100.5,NA,92.9,NA,kilifi
County Division for Agriculture,91.94,806.93,83,377.24,82.23,800,99.1,212.1,89.4,99.1,kilifi
County Division for Lands & Energy,53.39,306.31,49.58,75.44,46.41,115.68,93.6,153.3,86.9,37.8,kilifi
County Public Service Boards,72.94,28.3,30,NA,28.3,NA,94.3,NA,38.8,NA,kilifi
County Division for Public Service Management,4930.95,75,4371.09,19.47,4931.07,NA,112.8,NA,100,NA,kilifi
County Division for County Attorney,167.43,26.4,150,NA,148.87,21.18,99.2,NA,88.9,80.2,kilifi
County Division for Economic Planning,99.89,NA,30.06,NA,20,NA,66.5,NA,20,NA,kilifi
County Division for Livestock,27.21,141.18,26.4,80.57,34.98,80.57,132.5,100,128.6,57.1,kilifi
County Division for Information Communication Technology,29.16,21.03,22,NA,21.03,13.89,95.6,NA,72.1,66.1,kilifi
"County Division for Physical Planning, Urban Development & Housing",362.45,332.19,340.6,298,338.5,304.47,99.4,102.2,93.4,91.7,kilifi
County Division for Cooperative Development,29.82,29.36,29.82,NA,32.67,4.39,109.6,NA,109.6,14.9,kilifi
County Division for Resource Mobilization,151.88,132.18,150.8,NA,132.18,NA,87.7,NA,87,NA,kilifi
County Division for Blue Economy,23.21,190.29,23.21,98,24.6,92.49,106,94.4,106,48.6,kilifi
County Division for Water Services,56.56,2227.94,44.92,1250,48.41,1183.93,107.8,94.7,85.6,53.1,kilifi
County Division for Environment and Natural Resources,160.6,13,160.5,NA,107.74,NA,67.1,NA,67.1,NA,kilifi
County Division for Forestry and Climate Change,11,280.73,NA,NA,NA,24.59,NA,NA,NA,8.8,kilifi
County Division for Early Childhood Education and Vocational Training,572.4,424.18,525.63,232.98,411.99,252.36,78.4,108.3,72,NA,kilifi
County Division for Health and Sanitation Services,2014.94,898.64,1850.24,475.2,1850.24,471.38,100,99.2,91.8,52.5,kilifi
County Division for Roads and Transport Services,313.35,1194.6,217.9,768.39,217.95,737.8,100,96,69.6,61.8,kilifi
County Division for Public Works,9.05,NA,NA,NA,2.67,NA,NA,NA,29.5,NA,kilifi
County Division for Gender and Social Services,74.13,177.71,68.4,50,45.62,NA,66.7,NA,61.5,NA,kilifi
Youth Affairs & Sports,50.09,394.64,NA,67.62,36.49,67.85,NA,100.3,72.8,17.2,kilifi
County Division for Trade Development,33.31,394.83,26.65,375,26.65,374.31,100,99.8,80,94.8,kilifi
County Division for Tourism Promotion,40.43,39.55,39.53,NA,39.55,NA,100.1,NA,97.8,NA,kilifi
County Division for Devolution & Civic Education,44.76,25,NA,NA,45,23.23,NA,NA,100.5,92.9,kilifi
County Division for Special Programs & Disaster Management,125.21,40.32,NA,NA,49.29,17.27,NA,NA,39.4,42.8,kilifi
County Division for the County Secretary,70,NA,52,NA,51.19,NA,98.4,NA,73.1,NA,kilifi
Total,11593.76,8450.03,10216.22,4296.79,10680.22,4714.27,104.5,109.7,92.1,55.8,kilifi
"Agriculture, Livestock and Fisheries",217.97862634,524.99795369,214.7166485,241.89350715999998,214.7166485,241.89350715999998,100,100,98.5,46.1,kirinyaga
Cooperative Development Trade and Tourism,47.839441,285.7,44.36889015,272.24180288,44.36889015,272.24180288,100,100,92.7,95.3,kirinyaga
County Assembly,673.319674,85.22946,673.2236739,5.520678,673.2236739,5.520678,100,100,99.9,6.5,kirinyaga
County Executive,496.023805,NA,476.19502889999995,NA,476.19270275,NA,100,NA,96,NA,kirinyaga
Education,356.633405,50.9,350.81672445,28.9578,350.81672445,28.9578,100,100,98.4,56.9,kirinyaga
Environment and Natural Resources,119.489239,293.49227075,113.9760294,125.432036,113.9760294,125.432036,100,100,95.4,42.7,kirinyaga
Finance and Economic Planning,573.09161,126,563.27668682,125.90503715000001,563.27668682,125.90503715000001,100,100,98.3,99.9,kirinyaga
Gender and Youth,43.66821,51.15,37.830239899999995,12.510250050000002,37.830239899999995,12.510250050000002,100,100,86.6,24.5,kirinyaga
"Lands, Housing and Urban Development",33.968028,56.433333,28.955650350000003,11.4553072,28.955650350000003,11.4553072,100,100,85.2,20.3,kirinyaga
Medical Services and Public Health,2116.4898018599997,605.258331,2110.73886617,278.85745448,2110.73886617,278.85745448,100,100,99.7,46.1,kirinyaga
Sports Culture and Social Services,38.208017,21.52,35.965089,NA,35.965089,NA,100,NA,94.1,NA,kirinyaga
Transport and Infrastructure,74.733368,348.422832,73.81220112999999,208.81069603,73.81220112999999,208.70210843,100,99.9,98.8,59.9,kirinyaga
Total,4791.443225,2449.10418,4723.875729,1311.584569,4723.873403,1311.475981,100,100,98.6,53.5,kirinyaga
County Executive and Public Service Board,431.48,140,337.77,100,337.73,100,100,100,78.3,71.4,kisii
Administration and Stakeholder Management,570.94,66.85,502.37,515.65,502.37,515.65,100,100,88,0.8,kisii
Finance and Economic Planning,1088.62,159.28,890.34,12.39,890.34,12.39,100,100,81.8,7.8,kisii
Agriculture and Co-Operative Development,318.66,724.41,285.76,241.58,285.76,210.38,100,87.1,89.7,29,kisii
"Energy, Water, Environment and Natural Resources",151,541.39,105.2,395.39,105.2,90.01,100,22.8,69.7,16.6,kisii
"Education, Youth Affairs and Social Development",1010.71,143.21,939.9,7.88,939.9,7.88,100,100,93,5.5,kisii
County Health Services,3325.91,631.52,3080.84,19.56,3066.64,66.94,99.5,342.2,92.2,10.6,kisii
"Lands, Physical Planning and Urban Development",141.95,213.85,125.94,73.25,125.94,73.25,100,100,88.7,34.3,kisii
"Roads, Public Works and Transport",218.77,1074.21,190.32,519.61,190.32,511.16,100,98.4,87,47.6,kisii
"Trade Development, Industry and Tourism",142.51,236.04,78.76,119.95,78.76,119.95,100,100,55.3,50.8,kisii
Culture and Social Services,131.26,77.46,92.18,19.23,92.18,19.23,100,100,70.2,24.8,kisii
Kisii Municipality,144.53,127.83,125.62,0,125.62,0,100,0,86.9,0,kisii
Ogembo Municipality,14,46.37,3.13,17.07,3.13,17.07,100,100,22.3,36.8,kisii
Kisii County Assembly,1232.89,154.49,1220.48,37.15,1220.48,37.15,100,100,99,24,kisii
Total,8923.23,4336.9,7978.62,1563.57,7964.37,1265.91,99.8,81,89.3,29.2,kisii
"Agriculture, Livestock and Fisheries",297.38,496.8,245.81,40.12,245.81,40.12,100,100,82.7,8.1,kisumu
County Assembly of Kisumu,975.31,165,836.07,0.74,835.33,0.74,99.9,100,85.6,0.4,kisumu
City of Kisumu,469.42,369.3,302.27,97.68,302.27,97.68,100,100,64.4,26.4,kisumu
County Public Service Board,103.26,NA,61,NA,61,NA,100,NA,59.1,NA,kisumu
"Education, Technical Training, Innovation and Social Services",729.42,200.83,609.07,20.95,609.07,20.95,100,100,83.5,10.4,kisumu
"Public Services, County Administration, Participatory Development and Office of the Governor",1171.06,118.5,724.6,22.85,672.68,22.85,92.8,100,57.4,19.3,kisumu
"Medical Services, Public Health and Sanitation",3369.41,229.87,3008.64,44.77,2908.64,42.77,96.7,95.5,86.3,18.6,kisumu
"Trade, Energy, Industry and Tourism",130.85,184.15,110.88,10.1,60.88,10.1,54.9,100,46.5,5.5,kisumu
"Sports, Culture, Gender and Youth Affairs",195.03,22,108.2,1,108.2,1,100,100,55.5,4.5,kisumu
"Roads Infrastructure, Transport and Public Works",242.53,540.3,232.68,130.49,132.68,130.49,57,100,54.7,24.2,kisumu
"Lands, Housing, Physical Planning and Urban Development",165.6,370,105.17,236.34,85.17,236.34,81,100,51.4,63.9,kisumu
"Finance, Economic Planning and ICT Services",1503.67,1062.14,1315.21,1043.13,1215.21,910.12,92.4,87.2,80.8,85.7,kisumu
"Water, Environment and Natural Resources",158.38,427.65,77.99,37.3,77.99,37.3,100,100,49.2,8.7,kisumu
Total,9511.31,4186.55,7737.57,1685.47,7314.92,1550.46,94.5,92,76.9,37,kisumu
Office of the Governor,1275.45,1285.75,1658.33,989.91,1290.4,1046.14,77.8,NA,101.2,81.4,kitui
Ministry of Health and Sanitation,3467.53,250.33,3180.12,127.95,3454.5,220.43,108.6,NA,99.6,88.1,kitui
Kitui County Public Service Board,64.33,15,64.35,NA,61.52,NA,95.6,NA,95.6,NA,kitui
County Assembly,1180.81,229.06,997.82,26.2,996.76,26.2,99.9,NA,84.4,11.4,kitui
Kitui Municipality,92.56,99.9,90.81,55.39,90.49,86.43,99.6,NA,97.8,86.5,kitui
Mwingi Town Municipality,65.12,32.01,65.29,27.35,60.62,31.99,92.8,NA,93.1,99.9,kitui
Office of the Deputy Governor,185.32,49.94,199.01,6.19,174.69,47.34,87.8,NA,94.3,94.8,kitui
Ministry of Water and Irrigation,115.78,789.75,106.41,634.81,105.17,664.08,98.8,NA,90.8,84.1,kitui
Ministry of Education Training and Skills Development,854.33,193.74,857.39,147.77,851.06,159.87,99.3,NA,99.6,82.5,kitui
Ministry of Roads and Public Works,194.72,504.87,208.9,505.98,184.18,490.02,88.2,NA,94.6,97.1,kitui
Ministry of Trade Industry and Msms,188.42,292.15,172.64,307.07,165.18,160.05,95.7,NA,87.7,54.8,kitui
Ministry of Energy Environment Forestry and Natural Resources,91.61,369.77,93.68,360.02,91.82,138.11,98,NA,100.2,37.4,kitui
Ministry of Culture Gender Youth ICT Sports and Social Services,112.49,123.08,114.1,91.61,103.24,110.84,90.5,NA,91.8,90.1,kitui
Ministry of Finance Economic Planning and Revenue Management,517.74,139.96,521.49,NA,507.49,101.59,97.3,NA,98,72.6,kitui
Ministry of Agriculture and Livestock,361.57,904.94,371.87,493.13,356.92,496.36,96,NA,98.7,54.9,kitui
Ministry of Lands Housing and Urban Development,113.86,95.23,103.26,121.26,96.45,51.43,93.4,NA,84.7,54,kitui
Total,8881.66,5375.48,8805.46,3894.66,8590.48,3830.89,97.6,98.4,96.7,71.3,kitui
Finance and Economic Planning,1341.53,28.38,1143.56,20,1270.19,20,111.1,100,94.7,70.5,kwale
"Agriculture, Livestock and Fisheries",201.84,762,169.8,344.64,162.3,243.24,95.6,70.6,80.4,31.9,kwale
"Land, Environment, Mining and Natural Resources",98.81,434.13,68.33,309.56,76.93,89.44,112.6,28.9,77.9,20.6,kwale
Medical and Public Health Services,2924.36,399.88,2798.52,174.25,2747.71,173.7,98.2,99.7,94,43.4,kwale
County Assembly,794.13,297.08,687.27,99.67,745.24,155.69,108.4,156.2,93.8,52.4,kwale
"Trade, Investment and Cooperative Development",91.03,256.74,54.76,141.97,58.09,154.38,106.1,108.7,63.8,60.1,kwale
Community Development,138.87,233.92,104.02,113.08,111.99,113.08,107.7,100,80.6,48.3,kwale
Executive Services,177.4,11.84,164.57,NA,153.05,NA,93,NA,86.3,NA,kwale
Education,1272.78,516.28,1191.79,237.25,1154.2,239.5,96.8,100.9,90.7,46.4,kwale
Water Services,139.74,1705.1,103.86,1136.18,108.04,1132.8,104,99.7,77.3,66.4,kwale
Roads and Public Works,165.01,848.03,110.32,302.68,109.78,338.57,99.5,111.9,66.5,39.9,kwale
Tourism and ICT,91.99,79.64,36.7,39.71,38.76,39.55,105.6,99.6,42.1,49.7,kwale
County Public Service Board,75.58,NA,56.04,NA,56.73,NA,101.2,NA,75.1,NA,kwale
Public Service & Administration,404.04,41.93,269.9,32.79,274.32,32.79,101.6,100,67.9,78.2,kwale
Kwale Municipality,14.36,101.77,5.1,61.53,5.78,72.97,113.3,118.6,40.3,71.7,kwale
Diani Municipality,28.1,79.1,16.74,46.98,16.45,46.98,98.3,100,58.5,59.4,kwale
County Attorney,70.16,NA,47.13,NA,46.33,NA,98.3,NA,66,NA,kwale
Lunga Lunga Municipality,3.9,50.6,0.81,13.48,1.15,13.48,142,100,29.5,26.6,kwale
Kinango Municipality,3.1,46.9,1.65,22.38,1.59,22.38,96.4,100,51.3,47.7,kwale
Preventive Health Services,94.6,235,37.6,73.9,34.77,73.93,92.5,100,36.8,31.5,kwale
Total,8131.33,6128.32,7068.47,3170.05,7173.4,2962.48,101.5,93.5,88.2,48.3,kwale
"County Administration, Public Service and Office of the Governor",3345.96,19100,3193.54,1481,3195.81,1481,100.1,100,95.5,77.5,laikipia
"Finance, Economic Planning and the County Treasury",227.996,630.73,224.29,487.14,214.54,473.57,95.7,97.2,94.1,75.1,laikipia
Health and Sanitation,369.61,712.44,303.05,333.39,299.06,340.19,98.7,102,80.9,47.8,laikipia
"Agriculture, Livestock and Fisheries",209.92,234.99,25.25,67.14,37.61,62.33,149,92.8,17.9,26.5,laikipia
Infrastructure & Public Works,47.62,385.3,38.75,196.48,42.99,194.09,112.9,98.8,90.3,50.4,laikipia
"Education, Youth & Sports",102,63.91,101.75,11.29,101.69,10.28,99.9,91.1,99.7,16.1,laikipia
"Trade, Tourism & Enterprise Development",20,375.8,17.22,78.96,18.08,78.96,105,100,90.4,21,laikipia
"Gender, Culture and Social Services",24.5,21.7,23.07,15.17,23.19,14.99,100.5,98.9,94.6,69.1,laikipia
Water,26,248.6,25.96,191.97,25.88,94.27,99.7,49.1,99.6,37.9,laikipia
Nanyuki Municipality,6,1,6,1,6,1,100,100,100,100,laikipia
Rumuruti Municipality,2.5,5,2.5,5,2.5,5.5,100,100,100,100,laikipia
County Assembly,565.81,80,520.49,64.99,521.48,64.99,100.2,100,92.2,81.2,laikipia
Total,4947.9,2778.56,4481.19,1467.34,4488.83,1354.48,100.2,92.3,90.7,48.7,laikipia
County Assembly,470,119.5,412.59,14.78,410.64,14.78,99.5,100,87.4,12.4,lamu
County Executive and PSM,370.4,90.31,356.36,24.54,342.28,24.54,96,100,92.4,27.2,lamu
"Finance, Economy & Strategic Planning",141.4,6.5,134.26,5,128.8,5,95.9,100,91.1,76.9,lamu
"Agriculture, Irrigation & Food Security",66.29,78.44,64.98,66.41,60.82,64.18,93.6,96.6,91.7,81.8,lamu
"Land, Physical Planning, & Urban Development",37.57,286.89,35.93,265.18,32.96,72.68,91.8,27.4,87.7,25.3,lamu
"Education, Technology, Gender, Youth Affairs, Sports & Social Services",297.17,97.81,296.09,54.67,277.91,54.67,93.9,100,93.5,55.9,lamu
Medical Services,1056.32,237.56,1040.8,166.27,972.97,166.27,93.5,100,92.1,70,lamu
"Trade, Investment & Tourism",41.79,42.95,37.81,37.84,37.81,37.84,100,100,90.5,88.1,lamu
"Climate Change, Information, Communication, E-Government & Citizen Participation",18.42,130.12,18.1,104.93,13.31,47.27,73.5,45,72.3,36.3,lamu
"Fisheries, Blue Economy, Livestock, Veterinary & Cooperative Development",53.16,46.46,50.87,39.98,47.61,39.98,93.6,100,89.6,86.1,lamu
County Public Service Board,59.9,NA,57.29,NA,53.55,NA,93.5,NA,89.4,NA,lamu
Water & Energy,74.16,137.4,74.16,84.14,69.43,84.14,93.6,100,93.6,61.2,lamu
"Public Health, Environment and Sanitation",82.2,13.25,76.46,21.79,73.22,12.46,95.8,57.2,89.1,94.1,lamu
Budget and Economic Planning,22.19,NA,19.29,NA,18.62,NA,96.5,NA,83.9,NA,lamu
"Road, Transport, Infrastructure & Public Works",31.59,111.93,26.28,104.84,26.28,104.84,100,100,83.2,93.7,lamu
Lamu Municipality,55.46,37.43,47.59,22.31,47.59,22.31,100,100,85.8,59.6,lamu
"Devolution, Disaster and Resource Mobilization",60.77,105.48,59.16,54.09,55.57,54.08,93.9,100,91.4,51.3,lamu
Total,2938.79,1542.05,2808.02,1066.77,2669.38,805.04,95.1,75.1,89.3,55.6,lamu
Office of the Governor,590.87,19.58,538.68,18.81,478.79,732271,92,3.9,81,3.7,machakos
County Public Service Board,38.01,3,37.03,3,30.16,NA,81.4,NA,79.3,NA,machakos
"Roads, Transport and Public Works.",251.49,565.33,246.53,476.14,211.58,425.37,88.9,3.9,84.1,75.2,machakos
Health,4345.38,836.6,4166.43,492.14,4101.15,403.91,81.4,NA,94.4,56.2,machakos
"Water, Irrigation, Environment and Climate Change",146.19,855.03,131.3,518.56,117.13,443.48,85.8,89.3,80.1,82.1,machakos
"Agriculture, Food Security and Co-Operative Development.",390.07,796.15,274.74,445.55,255.33,702.14,98.4,95.5,65.5,NA,machakos
"Finance, Economic Planning & Revenue Management",1340.48,719.8,1022.36,621.97,1112.43,568.48,89.2,135.4,83,79,machakos
"Gender, Youth, Sports & Social Welfare",212.88,206.46,134.39,119.47,146.18,125.59,92.9,NA,68.7,60.8,machakos
"Trade, Industry, Tourism & Innovation",197.98,448.78,128.82,129.53,179.33,114.95,108.8,91.4,90.6,25.6,machakos
Education,663.86,122.43,542.66,6,528.67,NA,108.8,105.1,79.6,NA,machakos
"Lands, Urban Development, Housing & Energy",240.77,264.4,208.96,84.59,226.96,42.09,139.2,88.7,94.3,15.9,machakos
Devolution,1263.68,108.36,1105.03,41.62,1133.93,1.23,97.4,NA,89.7,1.1,machakos
Office of the County Attorney,83.56,9.3,69.53,NA,51.44,NA,108.6,49.8,61.6,NA,machakos
County Assembly,1009,79,1009,57.13,1009,55.81,102.6,3,100,70.6,machakos
Totals,10774.24,5034.22,9615.47,3014.52,9582.08,2949.93,99.7,97.9,88.9,58.6,machakos
Governorship,470.5,NA,389.43,NA,442.87,NA,113.7,NA,97.4,NA,makueni
County Secretary,419.94,NA,410.8,NA,408.86,NA,99.5,NA,NA,NA,makueni
County Attorney,48.85,NA,41.14,NA,NA,NA,NA,NA,89.5,NA,makueni
"Devolution, Public Participation, County Administration and Special Programs",325.19,22.83,308.87,20.35,291.1,21.58,94.2,106.1,85.5,94.5,makueni
Finance and Socio-Economic Planning,513.48,54.79,507.51,10.55,438.9,25.17,86.5,238.7,86.4,45.9,makueni
"Agriculture, Irrigation, Livestock, Fisheries and Cooperative Development",302.24,699.19,273.67,401.43,261.12,374.75,95.4,93.4,59.3,53.6,makueni
Makueni County Fruit Development and Marketing Authority,50.36,58.05,31.92,58.05,29.86,58.04,93.5,100,83.5,100,makueni
"ICT, Education and Internship",701.57,249.91,624.89,179.2,585.58,172.59,93.7,96.3,94.1,69.1,makueni
"Gender, Children, Youth, Sports and Social Services",135.53,92.38,55.6,78.37,127.47,76.27,229.3,97.3,87.4,82.6,makueni
Health Services,3272.98,531.11,2817.83,296.33,2862.02,296.46,101.6,100,90.7,55.8,makueni
"Trade, Marketing, Industry, Culture and Tourism",148.68,19.89,128.71,12.94,134.8,14.22,104.7,109.9,75.6,71.5,makueni
"Infrastructure, Transport, Public Works, Housing and Energy",160.07,570.63,146.97,406.35,121.07,443.55,82.4,109.2,86.1,77.7,makueni
"Lands, Urban Planning & Development, Environment and Climate Change",94.26,287.14,77.79,201.53,81.15,71.75,104.3,35.6,99.4,25,makueni
Wote Municipality,48.98,15.09,45.7,6.1,48.68,15.06,106.5,247,99.7,99.8,makueni
Emali-Sultan Hamud Municipality,27.65,26.55,31.92,26.54,27.56,22.52,86.4,84.9,79.8,84.8,makueni
Water and Sanitation,111.49,627,106.34,439.15,89.01,449.97,83.7,102.5,94.9,71.8,makueni
Sand Conservation and Utilization Authority,63.94,10.23,52.8,7.5,60.66,10.21,114.9,136.1,94.1,99.8,makueni
County Public Service Board,72.81,NA,63.44,NA,68.5,NA,108,NA,87.8,NA,makueni
County Assembly,882.05,66.95,846.57,21.49,861.08,19.6,101.7,91.2,88.9,29.3,makueni
Totals,7850.6,3331.74,6961.88,2165.87,6976.83,2071.73,100.2,95.7,88.9,62.2,makueni
County Assembly,753.91,259.09,748.35,206.45,748.35,206.45,100,100,99.3,79.7,mandera
Office of the Governor & Deputy Governor,497.89,NA,469.1,NA,469.1,NA,100,NA,94.2,NA,mandera
Finance and Economic Planning,409.28,36.75,376.9,30,376.9,30,100,100,92.1,81.6,mandera
"Agriculture, Livestock and Fisheries",259.55,453.26,231.06,313.71,231.06,313.71,100,100,89,69.2,mandera
"Water, Energy, Environment & Natural Resources",369.36,1693.89,342.64,1548.24,342.64,1548.24,100,100,92.8,91.4,mandera
Education and Human Capital Development,1119.91,212.47,1072.59,178.7,1072.59,178.7,100,100,95.8,84.1,mandera
Health Services,2321.23,343.62,2206.11,293.07,2206.11,293.07,100,100,95,85.3,mandera
Lands and Urban Development,228.16,506.32,195.34,433.89,195.34,433.89,100,100,85.6,85.7,mandera
"Roads, Transport and Works",307.11,395.4,181.21,272.01,181.21,272.01,100,100,59,68.8,mandera
Social Development,93.66,605.5,89.54,528,89.54,528,100,100,95.6,87.2,mandera
"Public Service Management, Devolved Units & Community Cohesion",1620.81,36.6,1617.43,36.6,1617.43,36.6,100,100,99.8,100,mandera
County Public Service Board,73.22,7.73,73.22,NA,73.22,NA,100,NA,100,NA,mandera
Trade and Cooperative Development,68.15,164.26,62.66,53.45,62.66,53.45,100,100,91.9,32.5,mandera
Office of the County Secretary,66.5,NA,64.5,NA,64.5,NA,100,NA,97,NA,mandera
Office of the County Attorney,97.18,NA,79.97,NA,79.97,NA,100,NA,82.3,NA,mandera
Total,8285.92,4714.91,7810.6,3894.11,7810.6,3894.11,100,100,94.3,82.6,mandera
County Assembly,791.22,525.48,791.22,101.54,790.31,100.35,99.9,98.8,99.9,19.1,marsabit
County Executive,477.79,535.11,392.94,509,422.71,509,107.6,100,88.5,95.1,marsabit
Finance & Economic Planning,467,440.44,361.78,428.21,392.5,427.89,108.5,99.9,84,97.2,marsabit
"Agriculture, Livestock & Fisheries",250.59,850.83,218.09,328.78,211.59,328.78,97,100,84.4,38.6,marsabit
County Public Service Board,96.87,23.5,68.31,17,65.84,16.9,96.4,99.4,68,71.9,marsabit
"Education, Skill Development, Youth & Sports",533.86,214.29,533.59,132.53,511.8,131.94,95.9,99.6,95.9,61.6,marsabit
County Health Services,1525.98,503.18,1510.71,338.34,1503.04,338.33,99.5,100,98.5,67.2,marsabit
"Administration, Coordination & ICT",335.2,162.8,282.15,153.5,287.87,152.98,102,99.7,85.9,94,marsabit
"Energy, Lands & Urban Development",134.98,134.39,133.08,84.21,128.33,84.21,96.4,100,95.1,62.7,marsabit
Roads & Public Works,104.36,236.46,86.29,227.19,82.84,226.98,96,99.9,79.4,96,marsabit
"Water, Environment & Natural Resources",146.9,476.03,138.57,457.12,132.54,457.12,95.7,100,90.2,96,marsabit
"Trade, Industry & Enterprise Development",86.7,189.3,76.19,156.93,69.97,156.8,91.8,99.9,80.7,82.8,marsabit
"Tourism, Culture & Social Services",123.36,32.5,86.79,20.93,93.97,20.88,108.3,NA,76.2,64.3,marsabit
Office of the County Attorney,14.5,NA,13.4,NA,1.86,NA,13.9,NA,12.8,0,marsabit
Office of the County Secretary,11,NA,7.37,NA,2.35,NA,31.9,NA,21.4,0,marsabit
Total,5100.31,4324.34,4700.48,2955.28,4697.52,2952.18,99.9,99.9,92.1,68.3,marsabit
County Assembly,982.38,40,982.36,7.98,982.36,7.98,100,100,100,20,meru
Office of the Governor,174.64,NA,151.74,NA,151.74,NA,100,NA,86.9,NA,meru
"Finance, Economic Planning and ICT",874.3,119.41,685.36,110.38,685.36,110.38,100,100,78.4,92.4,meru
"Agriculture, Livestock & Fishery",37.96,719.59,30.55,377.66,30.55,670.11,100,177.4,80.5,93.1,meru
"Water, & Irrigation",52.51,638.73,38.13,559.19,38.13,579.33,100,103.6,72.6,90.7,meru
"Education, Technology, Gender, Culture & Social Development",270.24,88.28,217.55,66.2,216.93,66.2,99.7,100,80.3,75,meru
Health Services,751.51,448.52,307.17,264.22,657.17,414.22,213.9,156.8,87.4,92.4,meru
"Lands, Physical Planning, Urban Development & Public Works",72.41,194.24,57.86,125.38,57.86,148.55,100,118.5,79.9,76.5,meru
Public Service Administration & Legal Affairs,5060.33,108.84,5007.37,100,5007.23,100,100,100,99,91.9,meru
"Roads, Transport & Energy",37.89,696.28,29.66,582.37,29.66,582.37,100,100,78.3,83.6,meru
"Trade, Investment, Industrialization, Tourism & Co-Op Development",41.65,551.1,29.34,180.8,29.34,180.8,100,100,70.4,32.8,meru
Youth Affairs & Sports,95.86,144.13,74.23,114.35,74.23,114.35,100,100,77.4,79.3,meru
County Public Service Board,30.37,NA,21.39,NA,21.39,NA,100,NA,70.4,NA,meru
Total,8482.05,3749.12,7632.71,2488.55,7981.95,2974.3,104.6,119.5,94.1,79.3,meru
"Agriculture, Livestock, Veterinary Services, Fisheries & Blue Economy",228.64,543.27,224.679,371.731,222.58,71.36,99.1,19.2,97.4,13.1,migori
"Trade, Tourism, Industry, Market & Cooperative Development",183.48,529.21,197.821,147.241,183.48,147.01,92.7,99.85,100,27.8,migori
"Education, Gender Inclusivity, Social Services, Youth and Sports",550.9,125.55,534.544,46.869,550.9,46.87,103.1,100,100,37.3,migori
"Roads, Transport, Public Works & Infrastructural Development",132.38,748.41,131.303,725.777,119.68,692.18,91.1,95.37,90.4,92.5,migori
"Lands, Physical Planning, Housing & Urban Development",180.43,125.01,175.966,50.503,176.62,49.13,100.4,97.28,97.9,39.3,migori
"Environment, Natural Resources, Climate Change & Disaster Management",245.76,716.5,202.576,396.051,199.78,174.25,98.6,44,81.3,24.3,migori
Finance and Economic Planning,972.85,24.12,972.317,13.535,971.85,13.53,100,100,99.9,56.1,migori
"Public Service Management, Monitoring & Evaluation & Performance Contracting",786.94,51.13,782.018,21.208,786.94,25.73,100.6,121.3,100,50.3,migori
County Executive,602.44,147.97,555.178,98.35,510.19,98.35,91.9,100,84.7,66.5,migori
County Assembly,1003.51,100,954.758,39.72,954.76,39.72,100,100,95.1,39.7,migori
Water and Energy,166.95,437.32,138.451,296.099,154.2,279.48,111.4,94.39,92.4,63.9,migori
Public Health & Sanitation,309.62,184.76,265.538,158.92,271.5,135.92,102.2,85.53,87.7,73.6,migori
Office of the County Attorney,168.27,NA,136.654,NA,130.39,NA,95.4,NA,77.5,NA,migori
Total,7329.03,4144.01,6973.01,2542.06,6929.66,1962.07,99.4,77.2,94.6,47.3,migori
County Assembly,990.94,55,901.62,46.54,905.14,NA,105.5,NA,95.9,NA,mombasa
Public Service Board,145.36,20,115.48,5.75,72.11,NA,62.4,NA,49.6,NA,mombasa
Finance & Economic Planning,1069.88,405.32,1046.54,263.87,987.43,378.68,94.4,143.5,92.3,93.4,mombasa
Health Services,4002.83,663.79,3887.45,78.73,2896.46,85.19,74.5,108.2,72.4,12.8,mombasa
Transport & Infrastructure,821.37,644.14,799.04,262.41,597.04,418.78,74.7,159.6,72.7,65,mombasa
Environment & Solid Waste Management,661.12,204.51,660.25,65.78,424.85,115.86,64.3,176.1,64.3,56.7,mombasa
Education & Digital Transformation,937.41,229.8,836.65,124,717.07,128.5,85.7,103.6,76.5,55.9,mombasa
"Water, Natural Resources & Climate Change Resilience",92.54,1091.5,83.74,500.8,36.75,513.58,43.9,102.6,39.7,47.1,mombasa
"Public Service Administration, Youth, Gender, Social Services & Sports",1440.22,225,1410.12,37.14,2341.85,7.12,166.1,19.2,162.6,3.2,mombasa
"Tourism, Culture & Trade",422.52,460.69,417.5,231.19,308.8,37.11,74,16.1,73.1,8.1,mombasa
"Land, Planning, Housing and Urban Renewal",206.08,609.58,205.6,436.27,147.6,355.29,71.8,81.4,71.6,58.3,mombasa
"Blue Economy, Agriculture & Livestock",186.5,150,183.44,74.13,133.83,36.61,73,49.4,71.8,24.4,mombasa
The County Attorney,94.87,13.43,94.52,NA,132.41,NA,140.1,NA,139.6,NA,mombasa
County Executive,120.63,24.95,88.61,2.95,82.56,5.61,93.2,190.2,68.4,22.5,mombasa
Total,11192.29,4797.71,10730.56,2129.56,9829.57,2082.32,91.6,97.8,87.8,43.4,mombasa
"Governorship, County Coordination and Administration",358.36,NA,279.76,NA,312.99,NA,111.9,NA,87.3,NA,muranga
Finance and Economic Planning,348.67,23,257.88,23,269.17,23,104.4,100,77.2,100,muranga
"Agriculture, Livestock and Fisheries",248.92,936.16,229.56,453.62,212.09,453.62,92.4,100,85.2,48.5,muranga
Energy Transport and Roads,28.96,693,17.59,550.02,17.14,550.02,97.5,100,59.2,79.4,muranga
"Commerce, Trade, Industry and Tourism",89.03,266.3,61.55,224.12,59.01,214.38,95.9,95.7,66.3,80.5,muranga
Education & Technical Training,785.75,23,734.82,16.56,732.73,16.8,99.7,101.5,93.3,73.1,muranga
Health and Sanitation,3117.18,554.27,3040.95,319.72,3028.32,316.21,99.6,98.9,97.1,57,muranga
"Lands, Housing & Physical Planning",23.68,23,12.55,4.34,12.65,4.26,100.8,98.3,53.4,18.5,muranga
County Public Service Board,40.52,NA,25.61,NA,25.47,NA,99.4,NA,62.9,NA,muranga
"Youth, Culture, Gender, Social Services & Special Programs",102.39,180,63,164.69,62.99,162.82,100,98.9,61.5,90.5,muranga
"Environment, Natural Resources, Water and Irrigation",123.92,288.53,104.49,197.78,102.67,197.78,98.3,100,82.8,68.5,muranga
Public Service Administration & Information Technology,1077.37,90,1001.12,79.71,996.21,80.47,99.5,101,92.5,89.4,muranga
Murang'a Municipality,70.27,23.4,56.38,14.45,53.8,14.76,95.4,102.1,76.6,63.1,muranga
County Assembly,872.71,20,774.86,12.2,774.7,12.2,100,100,88.8,61,muranga
Total,7287.71,3120.66,6660.11,2060.19,6659.94,2046.32,100,99.3,91.4,65.6,muranga
County Public Service Board,130.88,NA,93.61,NA,93.61,NA,100,NA,71.5,45.8,nairobi
Finance and Economic Planning,4147.14,851,3462.61,389.75,3723.51,389.75,107.5,100,89.8,NA,nairobi
Public Service Management,2071.51,10,1828.78,NA,1828.78,NA,100,NA,88.3,NA,nairobi
"Agriculture, Livestock Development and Fisheries",275.48,27.71,212.34,NA,212.34,NA,100,NA,77.1,8.9,nairobi
"Water, Energy, Environment, Forestry and Natural Resources",3572.7,732.46,3281.34,65.3,3020.44,65.3,92,100,84.5,71,nairobi
Ward Development Programme,74.13,1300,33.95,923.49,33.95,923.49,100,100,45.8,NA,nairobi
Emergency Fund,440,NA,425.24,NA,425.24,97.93,100,NA,96.6,NA,nairobi
Boroughs and Public Administration,5090.53,748,4309.91,97.93,4309.91,NA,100,NA,84.7,NA,nairobi
County Attorney,308.81,2.8,267.07,NA,267.07,NA,100,NA,86.5,14.6,nairobi
Innovation and Digital Economy,219.03,240,110.83,34.97,110.83,34.97,100,100,50.6,30.8,nairobi
"Health, Wellness & Nutrition",8423.13,519.81,7451.07,160.06,7451.07,160.06,100,100,88.5,27.4,nairobi
"Built, Environment & Planning",502.85,665,425.1,182.4,425.1,182.4,100,100,84.5,46.2,nairobi
Mobility and Works,1484.16,1730.13,1250.62,285.43,1250.62,798.61,100,279.8,84.3,30.5,nairobi
Talent Skills Development and Care,2194.82,402.26,1842.99,122.67,1842.99,122.67,100,100,84,15.2,nairobi
Business & Hustler Opportunities,727.3,470.76,616.88,71.66,616.88,71.66,100,100,84.8,76.7,nairobi
"Inclusivity Public Participation, and Citizen Engagement",1177.57,384.95,702.3,295.31,702.3,295.31,100,100,59.6,NA,nairobi
Nairobi Revenue Authority,382.01,NA,117.86,NA,117.86,NA,100,NA,30.9,57.4,nairobi
Liquor Licensing Boar D,230,70,NA,NA,229.26,40.21,NA,NA,99.7,28.7,nairobi
County Assembly,2380,300,1858.84,86.17,1858.84,86.17,100,100,78.1,NA,nairobi
Total,33832,8455,28291,2715,28521,3269,100.8,120.4,84.3,38.7,nairobi
County Assembly,1094.02,139.46,1082.25,81.91,1046.49,81.85,96.6,99.9,95.7,58.7,nakuru
County Treasury,1987.96,865.9,1645.36,677.14,1481.09,678.02,89.7,100.1,74.5,78.3,nakuru
"Public Service, Training and Devolution",666.5,39.35,629.99,12.79,588.83,17.78,92.4,139,88.3,45.2,nakuru
"Agriculture, Livestock and Fisheries",475.25,1054.29,457.14,455.15,398.9,409.55,86.4,90,83.9,38.8,nakuru
"Lands, Physical Planning and Housing",182.59,608.44,151.18,198.85,140.19,214.64,92,107.9,76.8,35.3,nakuru
Office of the Governor and Deputy Governor,342.27,143.9,325.73,96.97,327.12,139.61,100.1,144,95.6,97,nakuru
"Education, Vocational Training, ICT and E-Government",1126.02,615.77,1072.85,177.59,1003.89,233.03,95.8,131.2,91.8,37.8,nakuru
"Trade, Industry, Marketing and Tourism",219.17,681.12,185.71,305.8,175.77,326,94.2,106.6,80.2,47.9,nakuru
"Youth, Culture, Gender, Sports and Social Services.",290.66,195.19,187.44,83.29,200.17,96.09,106.1,115.4,68.9,49.2,nakuru
Infrastructure,365.38,1708.73,364.74,1196.82,309.08,860.77,84.9,71.9,84.6,50.4,nakuru
"Water, Environment, Energy and Natural Resources",337.95,1409.89,323.73,795.89,246.58,598.08,76.2,75.1,73,42.4,nakuru
Health Services,6299.93,1653.04,5246.63,351.23,5880.77,339.69,111.1,96.7,93.3,20.5,nakuru
County Public Service Board,75.32,3,74.05,2.94,65.43,2.94,87.9,100,86.9,98,nakuru
Nakuru Municipality,60.97,421.97,43.11,52.76,41.8,347.35,96.6,658.4,68.6,82.3,nakuru
Naivasha Municipality,38.07,137.57,19.19,20.75,14.33,100.51,74.3,484.4,37.6,73.1,nakuru
Office of the County Attorney,56.83,4,39.98,NA,29.74,3.38,74.1,NA,52.3,84.6,nakuru
Molo Municipality,5,NA,NA,NA,NA,NA,NA,NA,NA,NA,nakuru
Gilgil Municipality,5,NA,1.61,NA,1.87,NA,116.6,NA,37.5,NA,nakuru
Total,13628.9,9681.63,11852.69,4509.89,11935.94,4449.31,100.4,98.7,87.9,46,nakuru
County Executive,484.74,51.5,484.74,25.67,455.64,25,94,97.4,94,48.5,nandi
Finance and Economic Planning,525.74,55,524.62,6.56,461.91,13.5,88,205.6,87.9,24.5,nandi
"Administration, Public Service and ICT",187.32,69.5,177.24,NA,179.83,6,101.5,NA,96,8.6,nandi
Health and Sanitation,2998.8,288.12,2995.12,98.16,3461.13,139.72,115.6,142.3,115.4,48.5,nandi
Agriculture and Cooperative Development,279.7,793.23,279.7,328.05,275.27,582.95,98.4,177.7,98.4,73.5,nandi
"Sports, Youth Affairs, Gender and Social Welfare Arts",123.02,60.02,117.07,28.67,114.46,44.36,97.8,154.7,93,73.9,nandi
Education and Vocational Training and Development,409.43,257.19,404,101.77,398.7,127.55,98.7,125.3,97.4,49.6,nandi
"Lands, Physical Planning, Housing, Environment, Water, Natural Resources and Climate Change",102.66,879.03,97.9,573.36,91.99,300.99,94,52.5,89.6,34.2,nandi
"Transport, Public Works and Infrastructure Development",145.5,433.44,140.78,322.72,120.05,363.64,85.3,112.7,82.5,83.9,nandi
"Trade, Tourism, Industrialization and Enterprise Development",73.84,577.07,72.48,100.41,58.42,121.5,80.6,121,79.1,21.1,nandi
County Public Service Board and Labour,52.8,NA,42.86,NA,46.95,NA,109.5,NA,88.9,NA,nandi
County Assembly,797,65,765.28,57.29,792.6,57.29,103.6,100,99.4,88.1,nandi
Kapsabet Municipality,14.33,57,3.45,NA,6.57,2.34,190.4,NA,45.8,4.1,nandi
Office of the County Attorney,69.7,NA,69.7,NA,69.35,NA,99.5,NA,99.5,NA,nandi
Total,6265,3586,6175,1643,6533,1785,105.8,108.7,104.3,49.8,nandi
County Assembly,911,50,834.02,30.95,834.02,30.95,100,100,91.5,61.9,narok
County Executive,303.76,NA,268.78,NA,268.78,NA,100,NA,88.5,NA,narok
Finance & Economic Planning,1731.59,156.65,1571.78,82.12,1571.78,82.12,100,100,90.8,52.4,narok
Transport and Public Works,296.81,2177.15,253.54,2176.57,253.54,2176.57,100,100,85.4,100,narok
"Education, Youth, Sports, Culture and Social Services",1495.89,395.08,1411.31,371.65,1411.31,371.65,100,100,94.3,94.1,narok
"Environment Protection, Energy, Water & Natural Resources",373.92,553.01,345.12,420.97,345.12,420.97,100,100,92.3,76.1,narok
Public Service Board,90.4,NA,84.83,NA,84.83,NA,100,NA,93.8,NA,narok
"Agriculture, Livestock & Fisheries",368.54,819.72,308.43,577.35,308.43,577.35,100,100,83.7,70.4,narok
Health & Sanitation,2766,494.3,2609.59,493.79,2609.59,493.79,100,100,94.4,99.9,narok
Lands Housing Physical Planning & Urban Development,219.27,169.82,192.95,169.82,192.95,169.79,100,100,88,100,narok
ICT & E-Government,108.76,5,102.82,2.16,102.82,2.16,100,100,94.5,43.2,narok
Administration and Public Services Management,604.1,150.55,511.27,150.55,511.26,150.55,100,100,84.6,100,narok
"Trade, Industry and Cooperative Development",562.73,126.45,388.56,126.45,388.56,126.45,100,100,69,100,narok
Office of the County - Attorney,55.15,NA,45.37,NA,45.37,NA,100,NA,82.3,NA,narok
Total,9887,5098,8928,4602,8928,4602,100,100,90.3,90.3,narok
Nyamira County Assembly,746.58,168.4,732.27,106.9,732.25,106.6,100,99.7,98.1,63.3,nyamira
County Executive,394.87,114.8,286.59,106.13,377.28,NA,131.6,NA,95.5,NA,nyamira
"Finance, ICT & Planning",181.86,358.56,154.77,375.54,170.85,163.95,110.4,43.7,93.9,45.7,nyamira
Agriculture - Crop Management,69.47,NA,59.77,NA,62.25,410.38,104.1,NA,89.6,NA,nyamira
"Environment, Energy",114.44,284.31,96.61,182.7,87.88,89.93,91,49.2,76.8,31.6,nyamira
Education & Vocational Training,523.84,50.3,487.41,24.13,586.63,29.63,120.4,122.8,112,58.9,nyamira
Health Services,823.01,91.22,640.25,7.24,704.13,17.74,110,244.9,85.6,19.4,nyamira
"Lands, Housing, Physical Planning",146.13,160.11,132.67,131.84,140.59,118.84,106,90.1,96.2,74.2,nyamira
"Roads, Transport & Public Works",123,194.6,121.23,141.68,121.42,123.11,100.2,86.9,98.7,63.3,nyamira
"Trade, Tourism, Industrialization",55.14,519.5,45.18,192,44.11,113.85,97.6,59.3,80,21.9,nyamira
"Sports, Gender, Cultures",72.62,25.9,66.94,22.4,62.42,12.68,93.2,56.6,85.9,49,nyamira
County Public Service Board,58.17,NA,46.56,NA,55.13,NA,118.4,NA,94.8,NA,nyamira
Public Service Management,338.5,8,203.01,7.9,287.32,7.7,141.5,97.5,84.9,96.2,nyamira
Nyamira Municipality,41.45,83.31,14.08,17.41,36.24,83.51,257.3,479.7,87.4,100.2,nyamira
County Attorney,5.15,3,2.91,NA,3.65,NA,125.7,NA,71,NA,nyamira
"Economic Planning, Rm & ICT",277.71,35,215.81,13,247.11,23.69,114.5,182.2,89,67.7,nyamira
Livestock & Fisheries Services,110.9,14.5,107.2,6.44,104.59,7.46,97.6,115.9,94.3,51.5,nyamira
Primary Healthcare,1044.12,43.7,991.49,43.69,1024.45,9.28,103.3,21.2,98.1,21.2,nyamira
Total,5126.96,2155.21,4404.75,1379.01,4848.3,1318.35,110.1,95.6,94.6,61.2,nyamira
Office of the Governor,136,NA,121.56,NA,125.95,NA,103.61,NA,92.6,NA,nyandarua
County Secretary & Head of Public Service,58.95,NA,56.26,NA,56.63,NA,100.66,NA,96.1,NA,nyandarua
Office of the County Attorney,37.65,NA,25.7,NA,25.7,NA,100,NA,68.2,NA,nyandarua
Public Service Administration & Devolution,2625.31,NA,2600.41,NA,2599.53,NA,99.97,NA,99,NA,nyandarua
County Public Service Board,25,NA,24.66,NA,24.66,NA,100,NA,98.6,NA,nyandarua
"Finance, Economic Planning and ICT",585.17,21,493.72,2,515.72,2,104.46,100,88.1,9.5,nyandarua
Health Services,424.68,352.09,359.62,129.46,353.62,129.46,98.33,100,83.3,36.8,nyandarua
"Education, Children, Gender Affairs, Culture and Social Services",168.58,98.3,126.3,14.37,126.3,14.37,100,100,74.9,14.6,nyandarua
"Tourism, Cooperative Development, Trade & Industrialization",68.14,265.17,63.05,68.61,56.05,68.61,88.9,100,82.3,25.9,nyandarua
"Youth Empowerment, Sports and Arts",77.26,3.5,69.19,0.66,68.69,0.66,99.28,100,88.9,19,nyandarua
"Water, Environment, Climate Change & Natural Resources",58.03,527.52,34.23,273.31,33.24,215.37,97.11,78.8,57.3,40.8,nyandarua
"Public Works, Roads, Transport, Housing & Energy",101.84,1029.99,104.7,607.18,100.81,678.73,96.28,111.77999999999999,99,65.9,nyandarua
Ol-Kalou Municipality,9.89,19,8.32,10.29,8.32,10.29,100,100,84.1,54.2,nyandarua
Mairo-Inya Municipality,8,3,3.93,3,3.93,3,100,100,49.1,99.9,nyandarua
Engineer Municipality,7,3.5,5.71,NA,5.71,NA,100,NA,81.6,NA,nyandarua
"Agriculture, Livestock & Fisheries",233.55,611.63,181.2,204.23,156.98,204.23,86.63,100,67.2,33.4,nyandarua
County Assembly,880.29,110,868.97,54.94,868.97,54.94,100,100,98.7,49.9,nyandarua
Total,5567.05,3181.1,5192.32,1445.28,5178.9,1458.88,99.74,100.94000000000001,93,45.9,nyandarua
Office of the Governor & Deputy Governor,172.93,46.6,172.56,18.79,154.88,18.79,89.8,100,89.6,40.3,nyeri
Office of the County Secretary,143.06,14.25,138.44,14.05,132.67,13.29,95.8,94.6,92.7,93.2,nyeri
Finance and Economic Planning,879.4,66.66,809.23,26.48,814.71,46.72,100.7,176.4,92.6,70.1,nyeri
"Lands, Physical Planning, Housing and Urbanization",95.48,295.21,92.48,264.66,88.35,265.2,95.5,100.2,92.5,89.8,nyeri
"Health, Public Health and Sanitation",2459.24,465.96,2395.03,254.18,2452.18,280.33,102.4,110.3,99.7,60.2,nyeri
Gender and Social Services,106.6,123.58,105.93,111.71,96.21,113.31,90.8,101.4,90.3,91.7,nyeri
"County Public Service, Administration & Youth Affairs",417.19,52.69,388.44,43.41,346.74,43.41,89.3,100,83.1,82.4,nyeri
"Agriculture, Livestock and Fisheries",246.08,453.6,244.76,306.63,230.72,328.48,94.3,107.1,93.8,72.4,nyeri
"Trade, Culture, Tourism & Cooperative Development",79.49,203.36,76.82,174.47,74.75,125.73,97.3,72.1,94,61.8,nyeri
"Education, Science and Technology",503.69,110.21,503.25,62.17,499.81,62.17,99.3,100,99.2,56.4,nyeri
"Water, Environment & Natural Resources",85.66,337.6,77.09,267.54,79.25,189.3,102.8,70.8,92.5,56.1,nyeri
County Assembly,805.71,50,773.91,18.95,774.3,18.95,100.1,100,96.1,37.9,nyeri
County Public Service Board,47.48,6,46.98,3.43,46.71,3.43,99.4,100,98.4,57.2,nyeri
"Transport, Public Works & Infrastructure",88.28,559.69,87.71,507.8,71.3,506.91,81.3,99.8,80.8,90.6,nyeri
Office of the County Attorney,66.69,NA,59.7,NA,62.34,NA,104.4,NA,93.5,NA,nyeri
Total,6196.98,2785.43,5972.34,2074.27,5924.92,2016.02,99.2,97.2,95.6,72.4,nyeri
County Executive,505.2,8,478.82,4.48,478.82,4.48,100,100,94.8,56,samburu
"Finance, Economic Planning & ICT",849.92,50.19,773.75,22.99,773.75,22.99,100,100,91,45.8,samburu
"Agriculture, Livestock Development, Veterinary Services & Fisheries",220.96,980.65,193.68,501.44,193.68,501.44,100,100,87.7,51.1,samburu
"Water, Environment, Natural Resources & Energy",191.57,338.72,142.6,238.74,142.6,238.74,100,100,74.4,70.5,samburu
Education and Vocational Training,608.27,141,579.79,100.97,579.79,100.97,100,100,95.3,71.6,samburu
"Medical Services, Public Health & Sanitation",1362.44,292.98,1300.91,176.7,1300.91,176.7,100,100,95.5,60.3,samburu
"Lands, Housing, Physical Planning & Urban Development",174.24,91.33,145.88,19.94,145.88,19.94,100,100,83.7,21.8,samburu
"Roads, Transport & Public Works",116.68,286.17,89.83,202.47,89.83,202.47,100,100,77,70.8,samburu
"Tourism, Trade, Enterprise Development & Cooperatives",249.41,178.06,218.81,118.26,218.81,118.26,100,100,87.7,66.4,samburu
"Culture, Social Services, Gender, Sports & Youth Affairs",176.32,54.74,168.49,31.48,168.49,31.48,100,100,95.6,57.5,samburu
County Assembly,593,95,592.9,88.97,592.9,88.97,100,100,100,93.6,samburu
Total,5048.02,2516.83,4685.47,1506.45,4685.47,1506.45,100,100,92.8,59.9,samburu
County Assembly,808.17,330.66,809.82,188.9,803.78,188.89,99.3,100,98.1,57.1,siaya
Finance & Economic Planning,1085.29,35.77,905.5,2,911.4,5.8,100.7,289.4,84,16.2,siaya
Health Services,2209.85,368.11,2130.08,261.89,1901.67,267.22,89.3,102,86.1,72.6,siaya
"Governorship, Admin & ICT",540.32,6.13,540.32,6.13,452.06,5.11,83.7,83.4,83.7,83.4,siaya
"Smart Agriculture, Irrigation, Food Security, Livestock & Fisheries",313.28,628.75,292.75,409.22,236.31,492.81,80.7,120.4,75.4,78.4,siaya
"Water, Sanitation, Environment",94.08,415.02,80.14,230.22,82.19,157.91,102.6,68.6,87.4,38,siaya
"Education, Youth Affairs, Gender & Social Services",366.88,337.78,353.42,264.84,350.21,249.33,99.1,94.1,95.5,73.8,siaya
"Lands, Physical Planning, Housing",129.24,35.1,118.8,60.9,99.57,50.07,83.8,82.2,77,142,siaya
"Public Works, Energy, Roads & Trans",95.32,902.31,89.31,636.55,82.72,632.37,92.6,99.3,86.8,70.1,siaya
"Trade, Enterprise & Industrialization",167.8,550.34,167.8,320.38,147.49,236.04,87.9,73.7,87.9,42.9,siaya
"Tourism, Culture, Sports and Arts",99.02,241.91,75.42,149.74,71.26,201.64,94.5,134.7,72,83.4,siaya
Total,5909.25,3851.88,5563.38,2530.78,5138.67,2487.2,92.4,98.3,86.8,64.6,siaya
County Assembly,780.88,60.01,777.21,28.31,777.21,28.31,100,100,99.53,47.17,taita_taveta
Public Service and Administration,3269.41,NA,3256.56,NA,3256.56,NA,100,NA,99.61,NA,taita_taveta
The Governor's and Deputy Governor's Office,151.21,NA,102.37,NA,102.37,NA,100,NA,67.7,NA,taita_taveta
Finance and Economic Planning,258.88,200,240.7,193.7,240.7,193.7,100,100,92.98,96.85,taita_taveta
"Agriculture, Livestock and Fisheries",15.25,559.46,10.97,223.35,10.97,223.35,100,100,71.93,39.92,taita_taveta
Water and Irrigation,24.85,1123.93,10.21,506.47,10.21,506.47,100,100,41.09,45.06,taita_taveta
Education and Libraries,247.39,56.8,164.13,6.88,164.13,6.88,100,100,66.34,12.11,taita_taveta
Health,350.67,72.49,169.59,16.43,169.59,16.43,100,100,48.36,22.67,taita_taveta
"Trade, Tourism and Cooperative Development",10.43,8.6,7.22,1.45,7.22,1.45,100,100,69.23,16.86,taita_taveta
County Public Service Board,13.48,NA,10.33,NA,10.33,NA,100,NA,76.66,NA,taita_taveta
Infrastructure and Public Works,14.34,98.1,11.38,26.07,11.38,26.07,100,100,79.39,26.57,taita_taveta
"Lands, Environment and Natural Resources",20.99,68,15.44,46.06,15.44,46.06,100,100,73.58,67.73,taita_taveta
"Youth, Gender, Sports, Culture and Social Services",14.63,81.6,7.23,43.69,7.23,43.69,100,100,49.39,53.54,taita_taveta
Total,5172.4,2328.99,4783.34,1092.41,4783.34,1092.41,100,100,92.48,46.9,taita_taveta
County Assembly,678,366,665,305,623,214,93.8,70.1,92,58.4,tana_river
Office of the Governor and Deputy Governor,437,NA,437,NA,437,NA,100,NA,100,NA,tana_river
Finance and Planning,546,747,543,605,543,599,100,99,99.5,80.2,tana_river
County Public Service Board,68,NA,68,NA,68,NA,100,NA,99.8,NA,tana_river
"Trade, Tourism, Wildlife and Cooperative Development",86,253,83,153,83,153,100,100,96.8,60.4,tana_river
"Agriculture, Livestock, Fisheries and Veterinary",197,774,182,269,182,258,100,95.6,92.5,33.3,tana_river
"Culture, Gender, Youth, Sports and Social Services",55,40,48,38,48,17,100,45.2,87.6,42.9,tana_river
Education and Vocational Training,260,156,235,150,235,91,100,60.7,90.5,58.5,tana_river
"Medical Services, Public Health and Sanitation",1315,202,1307,97,1307,98,100,100.6,99.4,48.4,tana_river
Special Program,178,NA,178,NA,178,NA,100,NA,100,NA,tana_river
"Roads, Transport, Public Works, Housing and Urbanisation",78,568,77,312,77,313,100,100.5,98.9,55.2,tana_river
"Water, Irrigation, Environment and Natural Resources",123,293,115,246,115,218,100,88.3,93.9,74.3,tana_river
"Public Service, Administration and Citizen Participation",1214,43,1212,7,1212,7,100,94.2,99.8,16.3,tana_river
Lands and Physical Planning,44,67,44,39,44,NA,100,NA,99.6,NA,tana_river
Hola Municipality,34,50,27,50,27,50,100,100,79,99.6,tana_river
Total,5312,3558,5221,2272,5180,2018,99.2,88.8,97.5,56.7,tana_river
Office of the Governor and Deputy Governor,151.45,NA,111.97,NA,109.75,NA,98,NA,72.5,NA,tharaka_nithi
"Roads, Infrastructure, and Public Works",282.6,671.88,240.41,520.99,240.35,520.3,100,99.9,85.1,77.4,tharaka_nithi
Medical Services,1736.03,40,1640.36,19.15,1639.77,19.15,100,100,94.5,47.9,tharaka_nithi
"Agriculture, Livestock, Veterinary Services, and Cooperative Development",168.05,689.44,160.72,450.13,159.37,446.45,99.2,99.2,94.8,64.8,tharaka_nithi
Administration and Public Service,123.7,NA,114.08,NA,113.87,NA,99.8,NA,92.1,NA,tharaka_nithi
Education and Vocational Training,268.19,44.71,246.9,39.93,246.67,37.53,99.9,94,92,84,tharaka_nithi
Finance and Economic Planning,281.91,216,218.76,NA,218.75,NA,100,NA,77.6,NA,tharaka_nithi
"Tourism, Environment and Natural Resources",36.75,NA,30.27,173.79,26.97,79.8,89.1,45.9,73.4,NA,tharaka_nithi
County Assembly,544.52,20,505.83,11.28,505.83,11.28,100,100,92.9,56.4,tharaka_nithi
Water Services and Irrigation,46.89,86,38.27,38.85,36.34,38.85,94.9,100,77.5,45.2,tharaka_nithi
County Public Service Board,36.97,NA,23.75,NA,22.52,NA,94.8,NA,60.9,NA,tharaka_nithi
Public Health and Sanitation,395.13,124.72,328.09,NA,327.94,NA,100,NA,83,NA,tharaka_nithi
Youth and Sport,28.2,5,26.56,NA,24.66,NA,92.8,NA,87.4,NA,tharaka_nithi
Culture and Tourism,26.08,1.5,16.99,NA,16.95,NA,99.8,NA,65,NA,tharaka_nithi
Revenue and Resource Mobilization,111.34,1,105.44,NA,104.87,NA,99.5,NA,94.2,NA,tharaka_nithi
Lands Physical Planning and Housing,49.2,123.16,48.26,15.49,48.12,15.49,99.7,100,97.8,12.6,tharaka_nithi
Fisheries and Ecosystem Development,11.2,19.81,10.68,2.97,10.06,2.97,94.2,100,89.8,15,tharaka_nithi
Gender Children and Social Services,19.81,NA,18.59,NA,17.6,NA,94.7,NA,88.9,NA,tharaka_nithi
Trade Investment Promotion Energy and Industry,47.62,109.95,45.53,NA,45.16,2.4,99.2,NA,94.8,2.2,tharaka_nithi
Total,4365.63,2153.16,3931.43,1272.58,3915.56,1174.22,99.6,92.3,89.7,54.5,tharaka_nithi
Agriculture,248.58,346.04,248.07,325.54,247.89,324.08,99.9,99.5,99.7,93.7,trans_nzoia
Livestock,12.89,202.32,12.24,62.56,11.91,60.82,97.3,97.2,92.4,30.1,trans_nzoia
"Trade, Commerce Water,",47.99,561.99,46.47,154.34,46.25,154.24,99.5,99.9,96.4,27.4,trans_nzoia
Environment and Natural Resources,71.63,555.28,71.11,359.83,70.66,149.28,99.4,41.5,98.6,26.9,trans_nzoia
"Public Works, Transport and Infrastructure",138.71,490.02,138.04,457.49,137.93,457.34,99.9,100,99.4,93.3,trans_nzoia
Health Corporate,2071.63,198.95,2071.4,35.38,2071.2,35.05,100,99.1,NA,17.6,trans_nzoia
"Lands, Housing",86.62,42654,86.43,374.45,86.29,374.09,99.8,99.9,99.6,87.7,trans_nzoia
Municipality Board of Kitale,24.49,23.03,23.22,NA,22.61,NA,97.4,NA,92.3,NA,trans_nzoia
"Gender, Sports, Culture",151.62,306.43,150.59,289.42,149.96,289.33,99.6,100,98.9,94.4,trans_nzoia
Governance,162.67,5,161.37,NA,161.19,NA,99.9,NA,99.1,NA,trans_nzoia
PSM,587.15,342.3,586.37,162.14,585.83,162.04,99.9,99.9,99.8,47.3,trans_nzoia
Cpsb,74.56,12.99,74.34,1.2,74.31,1.2,100,100,99.7,9.8,trans_nzoia
"Education, ICT",627.28,146.79,624.02,35.67,623.81,35.43,100,99.3,99.4,24.1,trans_nzoia
Finance,667.37,399.24,655.29,273.79,653.39,273.71,99.7,100,97.9,68.6,trans_nzoia
Economic Planning,43.55,11.8,42.44,NA,42.15,NA,99.3,NA,96.8,NA,trans_nzoia
County Attorney,54.15,NA,52.79,NA,52.59,NA,99.6,NA,97.1,NA,trans_nzoia
County Assembly,759.77,325.65,759.77,285.93,759.77,285.93,100,100,100,87.8,trans_nzoia
Total,5830.72,4354.43,5804.04,2817.87,5797.84,2602.68,99.8,92.3,99.4,59.7,trans_nzoia
Office of Governor,243.84,101,243.75,32,234.87,14.43,96.4,45.1,96.3,14.3,turkana
Office of the Deputy Governor,30.82,NA,30.77,NA,29.29,NA,95.2,NA,95,NA,turkana
Finance and Economic Planning,545.62,1934.77,545.14,1875.11,544.09,1183.05,99.8,NA,99.7,61.1,turkana
"Water Services, Environment and Mineral Resources",59.94,475.07,59.94,402.23,59.18,413.25,98.7,63.1,98.7,87,turkana
Health & Sanitation Services,667.86,620.79,667.19,136.13,642.37,373.8,96.3,102.7,96.2,60.2,turkana
"Trade, Gender and Youth Affairs",72.88,453,70.69,374.7,71.13,299.09,100.6,274.6,97.6,66,turkana
"Education, Sports and Social Protection",734.7,385.24,733.81,105,731.42,177.7,99.7,79.8,99.6,46.1,turkana
"Public Services, Decentralized Administration & Disaster Management",6089.25,41.28,6077.42,37.12,6087.31,28.61,100.2,169.2,100,69.3,turkana
"Infrastructure, Transport and Public Works",85.59,291.54,85.02,290.4,82.89,274.52,97.5,77.1,96.8,94.2,turkana
Agriculture Pastoral Economy and Fisheries,116.85,1584.19,116.17,1217.33,112.52,719.58,96.9,94.5,96.3,45.4,turkana
"Tourism, Culture and Natural Resources",126.94,515.24,126.01,381.67,123.14,486.15,97.7,56.6,97,94.4,turkana
"Lands, Energy, Housing and Urban Areas Management",76.02,166.58,75.62,144.42,75.4,115.66,99.7,127.4,99.2,69.4,turkana
Turkana County Assembly,1070.83,168.04,1070.83,161.42,1070.83,161.42,100,80.1,100,96.1,turkana
Turkana County Public Service Board,124.61,10,123.9,10,123.14,NA,99.5,100,98.9,NA,turkana
Office of the County Attorney,64.92,NA,64.77,NA,62.87,NA,97.1,NA,96.8,NA,turkana
Lodwar Municipality Board,39.18,306.38,39.18,304.47,39.18,204.47,100,NA,100,66.7,turkana
Kakuma Municipality,19,NA,19,NA,19,NA,100,67.2,100,NA,turkana
Total,10168.88,7053.14,10149.21,5526.02,10108.76,4451.72,99.6,80.6,99.4,63.1,turkana
Governor's Office,123.33,NA,116.99,NA,116.99,NA,100,NA,94.9,NA,uasin_gishu
Finance,813.32,NA,881.45,NA,781.45,NA,88.7,NA,96.1,NA,uasin_gishu
Public Service Management,1071.2,NA,1058.19,NA,1058.19,NA,100,NA,98.8,NA,uasin_gishu
ICT and E-Government,71.72,54.67,46.85,59.17,46.85,49.06,100,82.9,65.3,89.7,uasin_gishu
"Roads, Transport and Infrastructure",656.09,810.77,575.88,524.05,575.88,434.5,100,82.9,87.8,53.6,uasin_gishu
Health Services,2175.29,532.32,2163.26,389.78,2063.26,323.18,95.4,82.9,94.8,60.7,uasin_gishu
"Agriculture, Livestock and Fisheries",330.36,189.79,314.04,86.62,314.04,71.82,100,82.9,95.1,37.8,uasin_gishu
"Trade, Cooperatives, Tourism, Wildlife",68.14,608.18,67.42,399.49,67.42,331.23,100,82.9,98.9,54.5,uasin_gishu
"Education, Social, Cultural, Youths and Sports",705.83,122.59,696.54,58.98,701.74,48.91,100.7,82.9,99.4,39.9,uasin_gishu
County Public Service Board,73.79,NA,70.79,NA,70.79,NA,100,NA,95.9,NA,uasin_gishu
Economic Planning,157.42,NA,147.35,NA,147.35,NA,100,NA,93.6,NA,uasin_gishu
Administration and Devolution,147.6,267.19,140.65,84.47,140.65,70.04,100,82.9,95.3,26.2,uasin_gishu
Youth Sports and Development,126.33,120.48,133.93,84.64,123.93,70.18,92.5,82.9,98.1,58.3,uasin_gishu
Co-Operatives and Enterprise Development,61.06,44.48,43.88,53.65,43.88,44.48,100,82.9,71.9,100,uasin_gishu
Livestock Development and Fisheries,55.03,100.3,47.54,40.35,47.54,33.46,100,82.9,86.4,33.4,uasin_gishu
Eldoret Municipality,117.26,113.51,98.86,89.05,98.86,73.84,100,82.9,84.3,65,uasin_gishu
Promotive and Preventive Health,58.57,40.59,53.51,NA,53.51,NA,100,NA,91.4,NA,uasin_gishu
Energy Environment Climate Change and Natural Resources,30.18,337.8,24.51,124.22,24.51,102.99,100,82.9,81.2,30.5,uasin_gishu
Partnership Liason and Linkages,68.55,NA,64.86,NA,64.86,NA,100,NA,94.6,NA,uasin_gishu
Gender Social Protection and Culture,81.38,51.31,69.99,46.52,78.59,38.57,112.3,82.9,96.6,75.2,uasin_gishu
Housing and Urban Development,55.25,667.05,49.51,400.94,49.51,332.44,100,82.9,89.6,49.8,uasin_gishu
Lands and Physical Planning,74.47,321.21,71.19,166.05,71.19,137.68,100,82.9,95.6,42.9,uasin_gishu
"Water, Irrigation and Sanitation",174.08,500.49,166.79,241.41,166.79,200.16,100,82.9,95.8,40,uasin_gishu
County Attorney,31.73,NA,29.45,NA,29.45,NA,100,NA,92.8,NA,uasin_gishu
County Assembly,796.52,279.38,896.39,796.41,796.39,159.86,88.8,20.1,100,57.2,uasin_gishu
Totals,8124.51,5162.11,8029.81,3645.81,7733.61,2522.4,96.3,69.2,95.2,48.9,uasin_gishu
Office of the Governor,241.44,NA,241.3,NA,209.75,3.02,86.9,NA,86.9,NA,vihiga
Finance and Economic Planning.,383.65,109.94,368.56,109.88,368.56,142.4,100,129.6,96.1,129.5,vihiga
"Agriculture, Livestock & Fisheries",171.54,481.67,173.07,61.06,138.55,92.76,80.1,151.9,80.8,19.3,vihiga
Health Services,1389.34,298.23,1334.66,114.09,1334.66,125.19,100,109.7,96.1,42,vihiga
Education & Technical Vocational Training,514.37,155.73,608.47,43.07,501.59,42.1,82.4,97.8,97.5,27,vihiga
"Gender, Culture, Youth, Sports and Social Services",108.1,36.17,106.55,7.32,92.6,4.67,86.9,63.7,85.7,12.9,vihiga
"Commerce, Tourism and Cooperatives.",100.76,79.34,114.87,59.74,83.04,66.22,72.3,110.8,82.4,83.5,vihiga
County Public Service Board,71.41,NA,71.15,NA,56.21,NA,79,NA,78.7,NA,vihiga
"Environment, Water, Natural Resources and Climate Change",146.67,456.72,149.77,296.75,132.61,215.21,88.5,72.5,90.4,47.1,vihiga
Transport & Infrastructure,98.49,432.01,100.01,319.13,88.19,321.25,88.2,100.7,89.5,74.4,vihiga
"Physical Planning, Lands, Housing & Urban Development",109.17,110.19,118.41,90.3,95.24,85.23,80.4,94.4,87.2,77.3,vihiga
County Assembly,698.77,15.3,674.25,3.16,649.83,14.21,96.4,450.1,93,92.9,vihiga
Public Service & Administration,435.42,20.92,452.5,7.4,394.26,5.39,87.1,72.8,90.5,25.7,vihiga
County Attorney,14.5,NA,15.45,NA,10.14,NA,65.6,NA,69.9,NA,vihiga
Total,4483.63,2196.22,4529.04,1111.91,4155.22,1117.64,91.7,100.5,92.7,50.9,vihiga
County Assembly,999.6,NA,999.54,NA,999.25,NA,100,NA,100,NA,wajir
County Executive,598,NA,576.77,NA,538.19,NA,93,NA,90,NA,wajir
Finance and Economic Planning,687,NA,651.74,NA,639.01,NA,98,NA,93,NA,wajir
"Roads, Transport, Public Works and Housing",258,609.86,234.21,558.02,223.47,579.01,95,104,87,95,wajir
Water Resources Development,146,423.99,139.31,365.65,136.55,342.89,98,94,94,81,wajir
"Energy, Environment and Climate Change",94,228.3,98.93,216.99,75.83,75,77,35,81,33,wajir
Health Services,2778,495.38,2636.39,495.38,2688.97,489.92,102,99,97,99,wajir
"Education, Social Welfare and Family Affairs",853,139.49,844.09,129.58,836.56,113.3,99,87,98,81,wajir
"Agriculture, Livestock and Veterinary Services",240,626.74,215.01,574.29,227.61,609.99,106,106,95,97,wajir
"ICT, Trade, Investment and Industrialization",165,261,153.92,165.23,148.83,160.23,97,97,90,61,wajir
Lands and Spatial Planning,64,244.5,58.27,206.29,57.97,211.77,99,103,91,87,wajir
"Public Service, Labour and Decentralised Unit",924,4.5,779.1,NA,807.71,4.5,104,NA,87,100,wajir
Cpsb,78,NA,60.43,NA,73.18,NA,121,NA,94,NA,wajir
Wajwasco,156,681.2,154.78,331.64,118.09,486.41,76,147,76,71,wajir
Wajir Municipality,220,167.55,157.92,159.85,211.43,166.04,134,104,96,99,wajir
Total,8260.6,3882.51,7760.4,3202.93,7782.64,3239.07,100,101,94,83,wajir
Office of the Governor,491.73,113.37,455,109.49,455,109.49,100,100,92.6,96.6,west_pokot
Finance and Economic Planning,311.49,35.38,306,20.01,306,20.01,100,100,98.2,56.6,west_pokot
"Roads, Public Works, Transport and Infrastructure",120.3,331.29,110,239.11,110,239.11,100,100,91.5,72.2,west_pokot
"Health, Sanitation and Emergencies",1844,182.18,1801,91.96,1801,91.96,100,100,97.6,50.5,west_pokot
Education and Technical Training,702.48,479.59,695,331.84,695,331.84,100,100,98.9,69.2,west_pokot
Agriculture and Irrigation,107.63,306.91,103,263.8,103,263.8,100,100,95.8,86,west_pokot
Pastoral Economy,98.33,189.1,94,69.54,94,69.54,100,100,95.6,36.8,west_pokot
"Trade, Industrialization, Investment & Cooperatives",87.2,46.12,85,19.1,85,19.09,100,99.9,97.6,41.4,west_pokot
"Land, Housing, Physical Planning and Urban Dev",173.78,77.74,115,16.37,115,16.37,100,100,66.2,21.1,west_pokot
"Water, Environment and Natural Resources",90.56,346.05,87,308.82,87,242.18,100,78.4,96,70,west_pokot
"Tourism, Youth, Sports, Gender and Social Services",107.57,63.4,101,34.52,101,34.52,100,100,94.2,54.4,west_pokot
"County Public Service, ICT & Decentralized Units",475.55,5,438,5,438,4.99,100,99.8,92,99.8,west_pokot
Inter Govnt Special Programmes and Directorates,92.15,NA,83,NA,83,NA,100,NA,90.4,NA,west_pokot
County Assembly,720.15,115.91,720,110.27,716,100.72,99.4,91.3,99.4,86.9,west_pokot
Total,5423,2292,5193,1620,5188,1544,99.9,95.3,95.7,67.3,west_pokot
