Name of Medicine,Dose-form,Strength / Size
Halothane,Inhalation,250mL
Isoflurane,Inhalation,250mL
Sevoflurane2,Inhalation,250mL
Sevoflurane2,Inhalation,
Dexmedetomidine3,Injection,200 micrograms/2mL
Etomidate4,Injection,2mg/mL (10mL Vial)
Fentanyl5,Injection,50micrograms/mL (2mL Ampoule)
Ketamine,Injection,50mg (as HCL)/mL (10mL vial)
Midazolam6,Injection,1mg (as HCl)/mL (5mL amp)
Propofol7,Injection,10mg/mL (20mL vial)
Remifentanyl8,PFI,2mg/2mL
Thiopental sodium9,PFI,500mg vial
Thiopental sodium9,PFI,
Bupivacaine,Injection,0.5% (as HCl) (10mL vial)
Bupivacaine + Glucose10,Injection,0.5% (as HCl) (5mg/mL) + glucose 8% (80mg/mL) (4mL amp)
Lignocaine11,Injection,2% (as HCl) (30mL vial)
Lignocaine11,Topical spray,2% (as HCl)
Lignocaine11,Topical spray,4% (as HCl)
Lignocaine11,Topical spray,10% (as HCl)
Lignocaine + Epinephrine (Adrenaline),Dental cartridge,"2% + 1:80,000 (1.8mL cartridge)"
Lignocaine + Epinephrine (Adrenaline),Injection12,"2% (HCl or sulphate) + 1:200,000 in vial"
Lignocaine + Epinephrine (Adrenaline),Injection12,
Dantrolene13,Injection,20mg
Dexmedetomidine14,Injection,200 micrograms (2mL)
Ephedrine15,Injection,30mg
Epinephrine (adrenaline)16,Injection,1mg /1mL amp17
Fentanyl18,Injection (preservative-free),50 micrograms (as citrate)/mL (2mL amp)
Ketamine19,Injection,50mg (as HCl)/mL (10mL vial)
Midazolam20,Injection,1mg (as HCl)/mL (5mL amp)
Midazolam20,Injection,5mg (as HCl)/mL (3mL amp)21
Morphine,Injection,10mg (as HCl or sulphate) /1mL amp
5,,
Ondansetron23,Injection,2mg/mL (2mL Ampoule)
Phenylephrine24,Injection,10mg/mL Hydrochloride 1mL
Propofol25,Injection,10mg/mL (20mL vial)
Remifentanyl,PFI,2mg/2mL
Remifentanyl,PFI,
Medical air,Inhalation (medical gas),
Nitrous oxide,Inhalation (medical gas),
Oxygen26,Inhalation (medical gas),
Oxygen26,Inhalation (medical gas),
Oxygen26,Inhalation (medical gas),
Atracurium,Injection,10mg (as besilate)/mL (5mL amp)
Cisatracurium,Injection,2mg (as besilate)/mL (10mL amp)
Rocuronium,Injection,"10mg/mL (as bromide), 5mL vial"
Suxamethonium27,Injection,50mg (as chloride)/mL (2mL amp)
Vecuronium,PFI,10mg (as bromide) vial [c]
Vecuronium,PFI,
Neostigmine,Injection,2.5mg (as metasulphate)/1mL amp
Pyridostigmine,Tablet,60mg (as bromide)
Pyridostigmine,Injection,"5mg/mL, 2mL, Ampoule"
Pyridostigmine,Oral Solution,"60mg/5mL, 240mL"
Pyridostigmine,Oral Solution,
Atropine,Injection,1mg (as sulphate)/1mL amp
Glycopyrronium28,Injection,200 micrograms (as bromide)/mL
Glycopyrronium28,Injection,
Glycopyrronium28,Injection,
Acetylsalicylic acid (Aspirin),Tablet,300mg
Celecoxib29,Tablet,200mg
Dexketoprofen,Tablet30,25mg
Dexketoprofen,Injection31,25mg/mL (2mL amp)
Ibuprofen,Oral liquid,100mg/5mL [c] 32
Ibuprofen,Tablet,200mg
Ketorolac33,Injection (IM/IV),30mg/mL
Paracetamol,Injection (for IV infusion)34,10mg/mL (100mL vial)
Oral liquid,120mg/5mL [c],1
Suppository,125mg [c],2
Tablet (scored),500mg,1
Tablet (scored),500mg,
Dihydrocodeine phosphate35,Tablet,30mg
Fentanyl,Transdermal patch,25 micrograms/hr36
Fentanyl,50 micrograms/hr37,5
Methadone38,Tablet39,5mg
Oral Solution39,1mg/mL,4
Morphine40,Injection,10mg (as HCl or sulphate)/1mL amp
Injection (for Infusion)41,30mg/mL,4
Oral liquid,1mg (as HCl or sulphate)/ mL,3
Oral liquid,10mg (as HCl or sulphate)/ mL,3
Tablet (m/r),30mg (sulphate),4
Oxycodone42,Tablet (i/r),5mg (as HCI)
Tramadol43,Capsule,50mg
50mg/mL (2mL amp),5,
50mg/mL (2mL amp),5,
Amitriptyline,Tablet,25mg
Bisacodyl,Tablet,5mg
Carbamazepine44,Tablet (scored),200mg
Dexamethasone,Injection,4mg (as sodium phosphate)/1mL amp
Dexamethasone,Tablet,500 micrograms
Dexamethasone,Tablet (scored),4mg
Diazepam,Injection,5mg/mL (2mL amp)
Diazepam,Tablet (scored),5mg
Gabapentin45,Tablet,300mg
Haloperidol46,Injection,5mg/1mL amp
Haloperidol46,Tablet (scored),5mg
Hyoscine butylbromide,Injection,20mg/1mL amp
Hyoscine butylbromide,Tablet47,10mg
Lactulose,Oral liquid,3.1-3.7g/5mL
Loperamide,Capsule,2mg
Metoclopramide48,Injection,5mg/mL (2mL amp)
Metoclopramide48,Tablet,10mg
Midazolam49,Injection,1mg (as HCl)/mL (5mL amp)
Ondansetron,Injection50,2mg (as HCl)/mL (2mL amp)
Ondansetron,Oral liquid51,4mg base/5mL [c]
Ondansetron,Tablet52,4mg (as HCl)
Prednisolone,Oral liquid,15mg/5mL [c]
Prednisolone,Tablet,5mg
Pregabalin53,Capsule,25mg
Pregabalin53,Capsule,75mg
Senna54,Tablet,7.5mg
Senna54,Tablet,
Cetirizine,Tablet,10mg
Cetirizine,Oral liquid,1mg/mL
Chlorpheniramine,Injection55,10mg (as maleate)/1mL amp
Chlorpheniramine,Oral liquid56,2mg (as maleate)/5mL
Dexamethasone,Injection,4mg (as sodium phosphate)/1mL amp
Diphenhydramine57,Injection,50mg/mL
Epinephrine (adrenaline)58,Injection,1mg /1mL amp
Hydrocortisone,PFI,100mg (as sod. succinate) vial
Loratadine,Tablet,10mg
Prednisolone,Oral liquid,15mg/5mL [c]
Prednisolone,Tablet,5mg
Prednisolone,Tablet,
Prednisolone,Tablet,
Activated Charcoal,PFOL,50g
Activated Charcoal,PFOL,
Acetylcysteine,Injection,200mg/mL (10mL amp59)
Atropine,Injection,1mg (as sulphate)/1mL amp
Calcium folinate60,Injection,10mg/mL (5mL vial)
Calcium gluconate61,Injection,100mg/mL in 10mL amp
Deferasirox62,Tablet,100mg
Deferasirox62,Tablet,400mg
Deferoxamine63,PFI,500mg (as mesilate) vial
Ethanol,Injection64,100% (10mL amp)
Ethanol,Oral liquid (Medicinal)65,95-96%
Fomepizole66,Injection,5mg (as sulphate)/mL (20mL amp)
Flumazenil67,Injection,100 micrograms/mL (5mL amp)
Lipid emulsion68,Injection,20% (200 to 500mL)
Naloxone69,Injection,400 micrograms (as HCl)/1mL amp
Phytomenadione (Vit K1)70,Injection,10mg/mL (1mL amp)
Pralidoxime71,PFI,1g (as chloride or mesilate) vial
Protamine72,Injection,10mg/mL (as sulphate) (5mL amp)
Sodium hydrogen carbonate (Sodium bicarbonate)73,Injectable solution,8.4% (10mL amp)
Sodium nitrite74,Injection,30mg/mL (10mL amp)
Sodium thiosulphate75,Injection,250mg/mL (50mL amp)
Succimer [Dimercaptosuccinic acid (DMSA)]76,Capsule,100mg
Succimer [Dimercaptosuccinic acid (DMSA)]76,Capsule,
Acetazolamide,Tablet,250mg
Acetazolamide,500mg,5
Carbamazepine,Oral liquid,100mg/5mL
Tablet (cross-scored),200mg,4
Clobazam,Tablet,10mg (scored)
Clonazepam,Tablet,0.5mg
Clonazepam,2mg,4
Diazepam77,Rectal gel,5mg/mL (0.5mL tube)
Gabapentin,Tablet,300mg
Gabapentin,Tablet,100mg
Lamotrigine78,Tablet,25mg
Lamotrigine78,Tablet,100mg
Lamotrigine78,"Tablet, (chewable, dispersible)",5mg
Lamotrigine78,"Tablet, (chewable, dispersible)",25mg
Levetiracetam,Injection (IV)79,500mg
Levetiracetam,Oral Solution,100mg/mL
Levetiracetam,Tablet (scored)80,500mg
Lorazepam81,Injection,4mg/1mL amp
Magnesium sulphate82,Injection,"500mg/mL (50%), (10mL amp/vial)"
Midazolam,Injection,1mg (as HCl)/mL (5mL amp)83
Midazolam,Injection,5mg (as HCl)/mL (3mL amp84
Midazolam,Oromucosal solution85,5mg/mL
Midazolam,Oromucosal solution85,10mg/mL
Oxcarbazepine,SODF,150mg
4,,
Phenobarbital (Phenobarbitone) sodium,Injection,30mg/1mL amp [c]86
Phenobarbital (Phenobarbitone) sodium,Injection,200mg/1mL amp
Phenobarbital (Phenobarbitone) sodium,Tablet (scored),30mg
Phenytoin sodium,Injection,50mg/mL (5mL vial)
Phenytoin sodium,Oral liquid,30mg/5mL
Phenytoin sodium,Tablet / Capsule,50mg
Phenytoin sodium,Tablet / Capsule,100mg
Pregabalin,Capsule,25mg
Pregabalin,Capsule,75mg
Topiramate,Tablet,25mg
Topiramate,Tablet,50mg
Valproic acid (Sodium Valproate),Injection87,100mg/mL (4mL amp)
Valproic acid (Sodium Valproate),Injection87,100mg/ mL (10mL amp)
Valproic acid (Sodium Valproate),Oral liquid,200mg/5mL
Valproic acid (Sodium Valproate),Tablet (e/c),200mg
Valproic acid (Sodium Valproate),Tablet (e/c),500mg
Valproic acid (Sodium Valproate),Tablet (crushable),100mg
Valproic acid (Sodium Valproate),Tablet (crushable),
Valproic acid (Sodium Valproate),Tablet (crushable),
Valproic acid (Sodium Valproate),Tablet (crushable),
Albendazole,Tablet (chewable)88,400mg
100mg/5mL,1,
Mebendazole90,"Tablet (chewable, dispersible)",500mg
Praziquantel,Tablet (scored),600mg
Praziquantel,Tablet (scored),
Albendazole,Tablet (chewable),400mg
Albendazole,Suspension91,100 mg/5 mL
Diethylcarbamazine (DEC),Tablet (scored),100mg (as dihydrogen citrate)
Ivermectin,Tablet (scored),3mg
Ivermectin,Tablet (scored),
Ivermectin,Tablet (scored),
Amikacin92,Injection,50mg (as sulphate)/mL in 2ml vial [c]
Amikacin92,Injection,250mg (as sulphate)/mL in 2ml vial
Amoxicillin93,"Tablet (dispersible, scored)",250mg
125mg/5mL ((as trihydrate),2,
250mg/5mL ((as trihydrate),2,
500mg,2,
Amoxicillin + clavulanic acid94,PFOL,200mg (as trihydrate) + 28mg (as potassium salt) / 5mL
Amoxicillin + clavulanic acid94,125mg (as trihydrate) + 31.25mg (as potassium salt)/5mL,4
Amoxicillin + clavulanic acid94,250 mg (as trihydrate) + 62.5 mg (as potassium salt)/5mL,4
"Tablet (dispersible, scored)","250mg + 62.5mg (i.e., 312.5 mg)",4
Tablet,"875mg + 125mg (i.e., 1g)",4
PFI95,"500mg + 100mg (i.e., 600mg)",4
PFI95,"1g + 200mg (i.e., 1.2gm)",4
Ampicillin96,PFI,500mg vial
Benzathine benzylpenicillin97,PFI,900mg (1.2MU) vial
Benzylpenicillin98,PFI,600mg (1MU) (as sodium or potassium salt) vial
Benzylpenicillin98,3g (5MU) (as sodium or potassium salt) vial,4
Cefalexin99,PFOL,125mg/5mL
Capsule,250mg,2
Cefazolin100,PFI,500mg (as sodium salt) in vial
4,,
Doxycycline101,Tablet / Capsule,100mg (as hyclate)
Flucloxacillin,Capsule102,250mg (as sodium salt)
Flucloxacillin,500mg (as sodium salt),2
PFOL102,125mg (as sodium salt)/5mL,2
PFI103,500mg (as sodium salt) vial,4
Gentamicin104,Injection,10mg/mL (as sulphate) (2mL vial)
Gentamicin104,40mg/mL (as sulphate) (2mL vial),3
Metronidazole,Injection105,5mg/mL (100mL vial)
Oral liquid106,200mg/5mL (as benzoate),2
"Tablet (f/c, scored)",400mg,2
Nitrofurantoin107,Oral liquid,25mg/5mL [c]
Tablet,100mg,2
Phenoxymethylpenicillin (Penicillin V)108,PFOL,250mg (as potassium salt) /5mL
Tablet,250mg (as potassium salt),3
Tinidazole109,Tablet (f/c),500mg
Tinidazole109,Tablet (f/c),
Azithromycin110,Tablet (scored),500mg (anhydrous)
PFOL,200mg/5mL,2
Cefixime111,Tablet,400mg (as trihydrate)
Cefotaxime112,Powder for Injection,500mg
Cefotaxime112,1gm,4
Ceftazidime113,PFI,250mg (as pentahydrate) vial
Ceftazidime113,1g (as pentahydrate) vial,4
Ceftriaxone,Injection (IM/IV),250mg (as sodium salt) [c]114
Ceftriaxone,1g (as sodium salt)115,4
Cefuroxime,PFI116,750mg
Ciprofloxacin,Tablet (scored)117,500mg (as HCl)
400mg,5,
Clarithromycin119,Tablet (scored),500mg
Clindamycin120,Capsule,150mg (as HCl)
Clindamycin120,Injection121,150mg (as phosphate)/mL (2mL vial)
Clindamycin120,Oral liquid,75mg (as palmitate) /5mL [c]
Cotrimoxazole (Sulfamethoxazole + Trimethoprim),Injection122,"80mg + 16mg (i.e., 96mg)/ mL (5mL amp)"
Cotrimoxazole (Sulfamethoxazole + Trimethoprim),Oral liquid123,"200mg +40mg (i.e., 240mg) /5mL [c]"
Cotrimoxazole (Sulfamethoxazole + Trimethoprim),Tablet (scored)123,"800 + 160mg (i.e., 960mg)"
Erythromycin124,Tablet,250mg
Erythromycin124,Tablet,500mg
Piperacillin + Tazobactam125,PFI,4g (as sodium salt) + 500mg (as sodium salt)
Piperacillin + Tazobactam125,PFI,
Ceftazidime + avibactam126,PFI,2000mg+500mg
Colistin127,PFI,1MU (as colistemethate sodium) vial
Fosfomycin,Granules for oral suspension128,3g sachet
3g (as sodium) vial,5,
Linezolid130,Injection (IV),2mg/mL in 300mL bag
Linezolid130,Tablet,600mg
Meropenem131,PFI,500mg (as trihydrate)
Polymyxin B132,PFI,"500,000 IU vial"
Teicoplanin133,Injection,200mg
Tigecycline134,PFI,50mg vial
Vancomycin135,PFI,500mg vial (as HCl)
Vancomycin135,PFI,
Clofazamine,Capsule,50mg
Clofazamine,Capsule,100mg
Dapsone,Tablet,100mg
Dapsone,Tablet,25mg
Rifampicin (R),Tablet / Capsule,150mg
4,,
4,,
4,,
Ethambutol (E),"Tablet, (dispersible)",100mg
Ethambutol (E),Tablet,400mg
Isoniazid (H),Tablet,50mg (scored)
Isoniazid (H),Tablet,100mg
Isoniazid (H),Tablet,300mg
Isoniazid (H),Injection,100mg/mL
Pyrazinamide (Z),Tablet,500mg
Pyrazinamide (Z),Tablet,150mg (scored)
Pyrazinamide (Z),"Tablet, (dispersible)",150mg
Rifampicin (R),Capsule,150mg
Rifampicin (R),Capsule,300mg
Rifampicin (R),PFI,600mg
Rifampicin (R),PFI,
Rifampicin + Isoniazid (RH),Tablet,150mg + 75mg
Rifampicin + Isoniazid (RH),Tablet,75mg + 50mg [c]
Rifampicin + Isoniazid + Pyrazinamide (RHZ),Tablet,75mg + 50mg + 150mg [c]
Rifampicin + Isoniazid + Pyrazinamide + Ethambutol (RHZE),Tablet,150mg + 75mg + 400mg + 275mg
Rifapentine + Isoniazid (3HP),Tablet,300mg+300mg
Rifapentine + Isoniazid (3HP),Tablet,
Amikacin (Am),Injection,1g (as sulphate) vial
Amoxicillin + clavulanic acid (Amx+Clv),Tablet,875mg + 125mg (1g)
Bedaquiline (Bdq),Tablet,100mg
Clofazimine (Cfx),Capsule,50mg
Clofazimine (Cfx),Capsule,100mg
Cycloserine (Cs),Tablet,125mg [c]
Cycloserine (Cs),Tablet,250mg
Delamanid (Dlm),Tablet,50mg
Imipenem + Cilastatin,PFI,250mg + 250mg vial
Imipenem + Cilastatin,PFI,500mg + 500mg vial
Levofloxacin (Lfx),Tablet (dispersible),100mg [c]
Levofloxacin (Lfx),Tablet,250mg
Levofloxacin (Lfx),Tablet,500mg (scored)
Levofloxacin (Lfx),Tablet,750mg
Linezolid (Lzd),Tablet (dispersible),150mg [c]
Linezolid (Lzd),Tablet,600mg
Moxifloxacin (Mfx),Tablet (dispersible),100mg [c]
Moxifloxacin (Mfx),Tablet,400mg
p-aminosalicylic acid (PAS),Granules,4g sachet
Prothionamide (Pto),Tablet,250mg
Terizidone (Trd),Tablet,300mg
Pretomanid136,Tablet,200mg
Pretomanid136,Tablet,
Amphotericin B137,PFI,50mg (as sodium deoxycholate) vial
Amphotericin B137,Injection,(Liposomal) 50mg vial
Clotrimazole138,Vaginal Tablet,500mg
Fluconazole,Tablet / Capsule,150mg139
Fluconazole,200mg,4
Injection140,2mg/mL (100mL bottle),4
Oral liquid,50mg/5mL,4
Flucytosine141,Capsule,250mg
Injection,2.5g/250mL,4
Griseofulvin142,Tablet,125mg
Griseofulvin142,500mg,2
Itraconazole143,Capsule,100mg
Nystatin,Oral liquid (suspension),"100,000 IU/mL [c]"
Posaconazole144,Tablet (Delayed Release),100mg
Injection,18mg/mL (300mg/16.7mL),6
Terbinafine,Tablet,125mg
Terbinafine,250mg,4
Voriconazole145,Tablet,200mg
200mg vial,5,
200mg vial,5,
200mg vial,5,
Acyclovir146,PFI,250mg vial (as sodium salt)
Acyclovir146,Tablet (scored),400mg
Acyclovir146,Tablet (scored),
Acyclovir146,Tablet (scored),
Abacavir (ABC)147,Tablet,300mg
Abacavir (ABC)147,Oral Solution,20 mg/mL
Lamivudine (3TC),Oral liquid,50mg/5mL
Tenofovir Alafenamide (TAF),Tablet,25mg
Tenofovir disoproxil fumarate (TDF)148,Tablet,300mg
Zidovudine (AZT or ZDV),Oral liquid,50mg/5mL
Zidovudine (AZT or ZDV),Tablet,300mg
Zidovudine (AZT or ZDV),Tablet,
Dapivirine,Vaginal ring,25mg
Etravirine (ETV),Tablet,25mg
Etravirine (ETV),Tablet,100mg
Etravirine (ETV),Tablet,200mg
Nevirapine (NVP),Oral liquid,10mg/mL
Nevirapine (NVP),Oral liquid,
Atazanavir + Ritonavir (ATV/r),Tablet (heat-stable),300mg + 100mg
Darunavir (DRV)149,Tablet,75mg
Darunavir (DRV)149,150mg,3
Darunavir (DRV)149,600mg (f/c),3
Oral liquid,10mg/mL (200mL),3
Darunavir + Ritonavir (DRV+r),Tablet,600mg + 100mg
Darunavir + Ritonavir (DRV+r),800mg + 100mg,3
Lopinavir + ritonavir (LPV+r),Tablet (heat-stable),100mg + 25mg
Lopinavir + ritonavir (LPV+r),200mg + 50mg,2
Granules (In Sachet)150,40mg +10mg,2
Ritonavir (RTV),Tablet (heat-stable),100mg
Oral powder,100mg sachet [c],2
Oral powder,100mg sachet [c],
Cabotegravir151,"Injection (Long acting), Single- dose vial",600mg/3mL
Dolutegravir (DTG)152,Tablet,50mg
Dolutegravir (DTG)152,10mg,2
Tablet (dispersible),10mg,2
Tablet (dispersible),10mg,
Abacavir + lamivudine (ABC+3TC),"Tablet, (dispersible, scored)",120mg (as sulphate) + 60mg
Tablet,600mg (as sulphate) + 300mg,2
Tenofovir disoproxil fumarate + Emtricitabine (TDF+FTC)153,Tablet,300mg + 200mg
Tenofovir disoproxil fumarate + Lamivudine (TDF+3TC),Tablet,300mg + 300mg
Tenofovir Alafenamide + Lamivudine + Dolutegravir (TAF+3TC+DTG),Tablet,25mg + 300mg + 50mg
Tenofovir disoproxil fumarate + Lamivudine + Dolutegravir (TDF+3TC+DTG)154,Tablet,300mg + 300mg + 50mg
Tenofovir disoproxil fumarate + Lamivudine + Efavirenz (TDF+3TC+EFV),Tablet,300mg + 300mg + 400mg
Zidovudine + Lamivudine (AZT+3TC),Tablet,300mg + 150mg
Zidovudine + Lamivudine (AZT+3TC),Tablet,
Co-trimoxazole (Sulfamethoxazole + Trimethoprim)155,Oral liquid,240mg/5mL [c]
Co-trimoxazole (Sulfamethoxazole + Trimethoprim)155,Tablet,800 + 160mg
Dapsone156,Tablet,25mg
Dapsone156,Tablet,100mg
Dapsone156,Tablet,
Gancyclovir157,PFI,500mg vial
Ribavirin,Injection (IV)158,800mg in 10mL phosphate buffer solution
Ribavirin,Capsule159,200mg
Valgancyclovir160,Tablet,450mg
50mg/mL,5,
50mg/mL,5,
50mg/mL,5,
50mg/mL,5,
Entecavir161,Oral liquid,0.05mg/mL
Entecavir161,Tablet,0.5mg
Lamivudine (3TC),Tablet,150mg
Lamivudine (3TC),Oral liquid,50mg/5mL
Tenofovir Alafenamide (TAF),Tablet,25mg
Tenofovir disoproxil fumarate (TDF)162,Tablet,300mg
Tenofovir disoproxil fumarate (TDF)162,Tablet,
Tenofovir disoproxil fumarate (TDF)162,Tablet,
Ledipasvir + Sofosbuvir,Tablet,90mg + 400mg
Ledipasvir + Sofosbuvir,Tablet,
Sofosbuvir+Velpatasvir,Tablet,400mg + 100mg
Sofosbuvir+Velpatasvir,Tablet,
Sofosbuvir+Velpatasvir,Tablet,
Diloxanide163,Tablet,500mg (as furoate)
Diloxanide furoate + Metronidazole164,Oral liquid,250mg + 200mg
Diloxanide furoate + Metronidazole164,Tablet,500mg + 400mg
Metronidazole,Injection,500mg/100mL vial
200mg/5mL (as benzoate),2,
400mg (scored),2,
Tinidazole165,Tablet (f/c),250mg
Tinidazole165,500mg,2
Tinidazole165,500mg,
Amphotericin B166,Injection,(Liposomal) 50mg vial
Paromomycin167,Injection solution (IM),375mg/mL (as sulphate) (2mL amp)
Sodium stibogluconate168,Injection,100mg/mL (100mL amp)
Sodium stibogluconate168,Injection,
Sodium stibogluconate168,Injection,
Artemether169,"Injection (oily, IM)",80mg/mL in 1mL amp
Artemether+ lumefantrine (AL),Tablet,20mg + 120mg170
Tablet (dispersible)171,20mg + 120mg [c],1
Artesunate,Injection (IM/IV)172,30mg vial
Artesunate,60mg vial,2
Suppository,100mg,1
Artesunate + Pyronaridine tetraphosphate173,Tablet (f/c),60mg + 180mg
20mg + 60mg [c],2,
Dihydroartemisinin + Piperaquine (DHA-PPQ)174,Tablet,20mg + 160mg
Tablet (scored),40mg + 320mg,3
Doxycycline175,Capsule,100mg (as HCl or hyclate)
Primaquine176,Tablet,7.5mg (as diphosphate)
Primaquine176,15mg (as diphosphate),3
Quinine,Injection177,300mg/mL (as HCl) (2mL amp)
Tablet (f/c)178,300mg (as sulphate or bisulphate),2
Tablet (f/c)178,300mg (as sulphate or bisulphate),
Atovaquone + Proguanil179,Tablet (f/c),62.5mg (as HCl) + 25mg
Atovaquone + Proguanil179,250mg (as HCl) + 100mg,4
Doxycycline180,Capsule,100mg (as HCl)
Mefloquine181,Tablet,250mg (as HCl)
Proguanil182,Tablet,100mg (as HCl)
Sulfadoxine + Pyrimethamine183,Tablet,500mg + 25mg
Sulfadoxine + Pyrimethamine183,Tablet,
Cotrimoxazole (Sulfamethoxazole + Trimethoprim),Injection,96mg/mL (5mL amp)
Cotrimoxazole (Sulfamethoxazole + Trimethoprim),Oral liquid,240mg/5mL [c]
Cotrimoxazole (Sulfamethoxazole + Trimethoprim),Tablet (scored),800mg + 160mg
Pyrimethamine184,Tablet,25mg
Sulfadiazine185,Tablet,500mg
Sulfadiazine185,Tablet,
Sulfadiazine185,Tablet,
Sulfadiazine185,Tablet,
Pentamidine isethionate186,PFI,200mg (as isetionate) vial
Suramin sodium187,PFI,1g vial
Suramin sodium187,PFI,
Eflornithine188,Injection,200mg (as HCl)/ mL in 100mL bottle
Melarsoprol,Injection,"3.6% solution (180mg), 5mL amp"
Nifurtimox189,Tablet,120mg
Nifurtimox189,Tablet,
Ivermectin,Tablet (scored),3mg
Ivermectin,Tablet (scored),
Ivermectin,Tablet (scored),
Acetylsalicylic acid (Aspirin),Tablet,300mg
Ibuprofen191,Tablet,200mg [c]
Paracetamol,Tablet (scored),500mg
Paracetamol,Oral liquid,120mg/5mL[c]
Sumatriptan192,Tablet,25mg
Sumatriptan192,Tablet,50mg
Sumatriptan192,Tablet,
Propranolol193,Tablet,40mg (as HCl)
Topiramate194,Tablet,25mg
Topiramate194,Tablet,50mg
Topiramate194,Tablet,
Topiramate194,Tablet,
Antithymocyte globulin (ATG) (Equine)195,Injection,"50mg/mL, 5mL vial"
Azathioprine,Tablet (scored),50mg
Basiliximab196,PFI,20mg
Cyclosporin197,Capsule,25mg
Cyclosporin197,Capsule,100mg
Cyclosporin197,Concentrate for injection198,50mg/mL in 1mL amp
Cyclophosphamide199,PFI,500mg vial
5,,
Everolimus200,Tablet,500 micrograms (or 0.5mg)
Methylprednisolone,PFI,125mg (as sodium succinate)
Methylprednisolone,500mg (as sodium succinate),4
Mycophenolic acid201,Tablet (e/c),180mg (as mycophenolate sodium)
Mycophenolic acid201,360mg (as mycophenolate sodium),6
Mycophenolate mofetil202,Tablet,250mg
Mycophenolate mofetil202,500mg,6
Prednisolone,Tablet,5mg
Prednisolone,20mg,5
Rituximab203,Injection (IV),10mg/mL (10mL vial)
Rituximab203,10mg/mL (50mL vial),6
Tacrolimus,Concentrate (for IV infusion),5mg/1mL amp
Capsule,500 micrograms,6
Capsule,1mg,6
Capsule,5mg,6
Capsule,5mg,
Capsule,5mg,
Arsenic trioxide204,Concentrate solution for Infusion,1mg/mL
Bendamustine205,Injection,100mg vial
Bleomycin206,PFI,15mg vial (as sulphate)
Cabazitaxel207,Injection,60mg
Calcium folinate208,Injection,10mg/mL (5mL vial)
Injection,10mg/mL (30mL vial),5
Tablet,15mg,5
Capecitabine209,Tablet,150mg
Capecitabine209,500mg,5
Carboplatin210,Injection,10mg/mL (15mL vial)
Carboplatin210,10mg/mL (45mL vial),5
Chlorambucil211,Tablet,2mg
Cisplatin212,Injection,1mg/mL (50mL vial)
Cyclophosphamide213,PFI,500mg vial
Cyclophosphamide213,1g vial,5
Tablet,50mg,5
Cytarabine214,PFI,100mg vial
Cytarabine214,1g vial,5
Dacarbazine215,PFI,200mg vial (as citrate)
Dactinomycin (Actinomycin D)216,PFI,500 micrograms vial
Daunorubicin217,PFI,20mg vial (as HCl)
Daunorubicin217,PFI,50mg vial (as HCl)
Docetaxel218,Injection (premixed),120mg vial
Docetaxel218,Injection (premixed),80mg vial
Doxorubicin,PFI or Solution for Injection219,50mg vial (as HCl)
Etoposide220,Capsule,50mg
Etoposide220,Capsule,100mg
Etoposide220,Injection,20mg/mL (5mL vial)
Fluorouracil221,Injection,50mg/mL (5mL vial)
Gemcitabine222,PFI,200mg vial
Gemcitabine222,PFI,1g vial
Hydroxycarbamide (Hydroxyurea)223,SODF,500mg
Ifosfamide + Mesna224,Injection,1g + 600mg
5,,
Irinotecan225,Injection,20mg/mL (2mL vial)
Irinotecan225,Injection,20mg/mL (5mL vial)
L - Asparaginase226,PFI,"10,000 IU vial"
Liposomal Doxorubicin (Pegylated)227,Solution for Injection,20mg vial
Liposomal Doxorubicin (Pegylated)227,Solution for Injection,50mg vial
Melphalan,Tablet228,2mg
Melphalan,PFI229,50mg vial
Mercaptopurine230,Tablet,50mg
Methotrexate231,PFI (preservative-free),25mg (as sodium salt)/mL (2mL vial)
Methotrexate231,PFI (preservative-free),25mg (as sodium salt)/mL (20mL vial)232
Methotrexate231,Tablet,2.5mg (as sodium salt)
Methotrexate231,Tablet,10mg
Mitomycin C233,Injection,10mg
Oxaliplatin234,Solution for Injection,2mg/mL (25mL vial)
5,,
Paclitaxel235,Concentrate (for IV infusion),6mg/mL (5mL vial)
Paclitaxel235,6mg/mL (16.7mL vial),5
Paclitaxel235,6mg/mL (50mL vial),5
Pegaspargase236,Injection,3750 Units/5mL vial
Pemetrexed,PFI or solution for injection,500mg
Procarbazine237,Capsule,50mg (as HCl)
Temozolomide238,Capsule,100mg
Temozolomide238,20mg,5
Tioguanine239,SODF,40mg [c]
Topotecan240,Injection,2.5mg
Vinblastine241,Injection,1mg/mL (as sulphate) (10mL vial)
Vincristine242,PFI or solution for injection,1mg/mL (as sulphate) vial
Vinorelbine243,Injection,10mg/mL (1mL vial)
5,,
5,,
All-trans retinoid acid (ATRA)244,Capsule,10mg
Bevacizumab245,Injection,100mg
Bevacizumab245,Injection,400mg
Bortezomib246,PFI,3.5mg vial
Gefitinib247,Tablet,250mg
Ibrutinib248,Capsule,140mg
Imatinib249,Tablet,400mg (as mesylate)
Nilotinib250,Capsule,200mg
Osimertinib251,Tablet,80mg
Palbociclib252,Tablet,125mg
Palbociclib252,Tablet,100mg
Palbociclib252,Tablet,75mg
Pazopanib253,Tablet,200mg
Pazopanib253,Tablet,400mg
Rituximab254,Injection (IV),10mg/mL (10mL vial)
5,,
Sorafenib255,Capsule,200mg
Trastuzumab,PFI256,150mg vial
Trastuzumab,PFI256,440mg vial + diluent
Trastuzumab,Injection (Solution for subcutaneous injection)257,600mg
Trastuzumab,Injection (Solution for subcutaneous injection)257,
Filgrastim258,Injection (prefilled syringe),120 micrograms/0.2mL
Filgrastim258,Injection (prefilled syringe),300 micrograms/0.5mL
Lenalidomide259,Capsule,10mg
Lenalidomide259,Capsule,25mg
Peg-Filgrastim260,Injection (prefilled syringe),6mg/0.6mL
Pembrolizumab261,Injection,100mg/4mL
Thalidomide262,Capsule,100mg
Thalidomide262,Capsule,
Abiraterone263,Tablet,250mg
Anastrozole264,Tablet,1mg
Bicalutamide265,Tablet,50mg
Dexamethasone266,Injection,4mg/1mL amp (as sodium phosphate)
Tablet (scored),4mg,5
Goserelin267,Implant (in syringe applicator),3.6mg (as acetate)
Goserelin267,Implant (in syringe applicator),10.8mg (as acetate)
Hydrocortisone268,PFI,100mg vial (as sodium succinate)
Letrozole269,Tablet,2.5mg
Methylprednisolone270,PFI,500mg (as sodium succinate) [c]
Octreotide271,Injection kit,20mg
Prednisolone272,Oral liquid,15mg/5 mL [c]
Tablet,5mg,5
Tablet,5mg,20mg
Tamoxifen273,Tablet,20mg (as citrate)
Tamoxifen273,Tablet,
Allopurinol274,Tablet,100mg
Allopurinol274,Tablet,300mg
Febuxostat275,Tablet,40mg
Magnesium Sulphate276,Injection,4% (100mL vial)
Mannitol277,Solution for Infusion,"20%, 500mL"
Mesna278,Injection,100mg/mL (2mL amp)
Mesna278,Injection,100mg/mL (4mL amp)
Rasburicase279,Injection,7.5mg/vial
Sodium hydrogen carbonate (Sodium bicarbonate)280,Injectable solution,8.4% (10mL amp)
Zoledronic acid281,Concentrate solution for Infusion,800 micrograms/mL (in 5mL vial)
Zoledronic acid281,Concentrate solution for Infusion,
Benzhexol,Tablet,5mg (as HCl)
Biperiden282,Injection,5mg (lactate) in 1mL amp
Biperiden282,Tablet,2mg (hydrochloride).
Levodopa + Carbidopa,Tablet,100mg + 10mg
Levodopa + Carbidopa,Tablet,250mg + 25mg
Pramipexole,Tablet (scored),180 micrograms base
Pramipexole,Tablet (scored),700 micrograms base
Pramipexole,Tablet (scored),
Donepezil283,Tablet,5mg
4,,
Memantine284,Tablet,5mg
Rivastigmine285,Capsule,1.5mg
Rivastigmine285,Capsule,
Rivastigmine285,Capsule,
Darbepoetin alfa286,Injection,25 micrograms for subcutaneous injection
Darbepoetin alfa286,Injection,40 micrograms for subcutaneous injection
Erythropoetin (alfa or beta) stimulating agents,Injection (prefilled syringe),"2,000 IU"
Ferrous salt,Oral liquid (drops),25mg (iron as sulphate)/ mL
Ferrous salt,Tablet (f/c),60-65mg elemental iron
Ferrous salt + Folic acid287,Tablet,60-65mg elemental iron + 400mcg
Folic acid,Tablet,400 micrograms288
Folic acid,Tablet,5mg289
Hydroxocobalamin (Vit B12),Injection,"1mg/1mL amp (as HCl, acetate or sulphate)"
Iron sucrose290,Injection,100mg
Iron sucrose290,Injection,
Iron sucrose290,Injection,
Phytomenadione (Vit K1),Injection,10mg/mL (0.2mL) amp [c]291
4,,
Tranexamic acid,Injection,100mg/mL (5mL amp)
Tablet,500mg,4
Tablet,500mg,
Enoxaparin,Injection (prefilled and calibrated syringe),40mg/0.4mL
Enoxaparin,80mg/0.8mL,4
Heparin sodium,Injection,"5,000 IU/mL (5mL vial)"
Rivaroxaban292,Tablet,10mg
Rivaroxaban292,15mg,5
Rivaroxaban292,20mg,5
Warfarin293,Tablet (scored),1mg (as sodium salt)
Warfarin293,3mg (as sodium salt),4
Warfarin293,5mg (as sodium salt),4
Warfarin293,5mg (as sodium salt),
Deferasirox294,Tablet,100mg
Deferasirox294,400mg,4
Deferoxamine mesilate295,PFI,500mg vial
Hydroxycarbamide (Hydroxyurea),Capsule,250mg
4,,
100mg/45mL,4,
100mg/45mL,4,
100mg/45mL,4,
Cryoprecipitate297,,
"Plasma, fresh-frozen",,
Platelets,,
Red blood cells,,
Whole blood,,
Whole blood,,
Whole blood,,
Anti-D immunoglobulin298,PFI + diluent,750 IU/mL (2mL vial)
Anti-Hepatitis B immunoglobulin (HBIG)299,Injection,100 IU/mL
Anti-Rabies immunoglobulin300,Injection,200 IU/mL (5mL vial)
Ant-Tetanus immunoglobulin301,Injection,1500 IU vial
Normal immunoglobulin302,Injection (IV),5% protein solution (100mL vial)
Normal immunoglobulin302,10% protein solution (100mL vial),5
Normal immunoglobulin302,10% protein solution (100mL vial),
Coagulation factor VIII,PFI (Extended half-life),250 IU vial
4,,
4,,
4,,
Coagulation factor IX,PFI (Extended half-life),250 IU/vial
Coagulation factor IX,PFI (Extended half-life),500 IU/vial
Coagulation factor IX,PFI (Extended half-life),"1,000 IU/vial"
Coagulation factor IX,PFI (Extended half-life),
Dextran- 70303,Solution,6%
Gelatin-based colloid304,Solution for Infusion,4%
Hydroxyethyl starch305,Solution for Infusion,6%
Human albumin infusion306,Solution,5%
Human albumin infusion306,Solution,20%
Polygeline307,Infusion (IV),3.5% (500mL pack)
Polygeline307,Infusion (IV),
Polygeline307,Infusion (IV),
Bisoprolol,Tablet,2.5mg
Bisoprolol,Tablet,5mg
Carvedilol,Tablet,3.125mg
Carvedilol,Tablet,6.25mg
Carvedilol,Tablet,12.5mg
Carvedilol,Tablet,25mg
Glyceryl trinitrate,Tablet (sublingual),500 micrograms
Glyceryl trinitrate,Spray (sublingual),400micrograms/ dose
Isosorbide dinitrate,Tablet,20mg
5mg,4,
Trimetazidine,Tablet (m/r),35mg
Trimetazidine,Tablet (m/r),
Adenosine308,Injection,6mg/2mL
Amiodarone,Injection309,50mg (as HCl)/mL in 3mL amp
Amiodarone,Tablet310,100mg (as HCl)
Amiodarone,Tablet310,200mg (as HCl)
Atropine,Injection,1mg (as sulphate)/1mL amp
Bisoprolol,Tablet,2.5mg
Bisoprolol,Tablet,5mg
Carvedilol,Tablet,3.125mg
Carvedilol,Tablet,6.25mg
Carvedilol,Tablet,12.5mg
Carvedilol,Tablet,25mg
Digoxin,Oral liquid311,50 micrograms/mL
Digoxin,Tablet,250 micrograms
Digoxin,Tablet,125 micrograms
Epinephrine (adrenaline)312,Injection,1mg/1mL amp
Lignocaine (Preservative free)313,Injection,200mg/10mL
Verapamil,Tablet (Immediate release),40mg (as HCl)
120mg,4,
120mg,4,
120mg,4,
Enalapril,Tablet (scored),5mg (as hydrogen maleate)
Enalapril,Tablet (scored),10mg (as hydrogen maleate)
Enalapril,Tablet (scored),20mg (as hydrogen maleate)
Enalapril,Tablet (scored),
Losartan,Tablet (f/c),50mg
Telmisartan,Tablet,40mg
Telmisartan,Tablet,80mg
Telmisartan,Tablet,
Bisoprolol,Tablet,2.5mg
Bisoprolol,Tablet,5mg
Labetalol,Injection314,5mg/mL (20mL amp)
Labetalol,Tablet315,100mg
Labetalol,Tablet315,200mg
Metoprolol,Tablet(e/r),25mg
Metoprolol,Tablet(e/r),50mg
Nebivolol,Tablet,2.5mg
Nebivolol,Tablet,5mg
Nebivolol,Tablet,
Amlodipine,Tablet,5mg
3,,
Nifedipine316,Tablet (s/r),20mg
Nifedipine316,Tablet (s/r),
Chlorthalidone,Tablet,12.5mg
Hydrochlorothiazide (HCTZ),Tablet (scored),25mg
Indapamide,Tablet,1.5mg
Indapamide,Tablet,
Indapamide,Tablet,
Methyldopa317,Tablet,250mg
Methyldopa317,Tablet,500mg
Methyldopa317,Tablet,
Spironolactone318,Tablet (scored),25mg
Spironolactone318,Tablet (scored),
Hydralazine,Injection319,20mg (as HCl)
Hydralazine,Tablet,25mg (as HCl)
Hydralazine,Tablet,50mg (as HCl)
Hydralazine,Tablet,
Doxazosin320,Tablet,2mg
Prazosin321,Capsule,500 micrograms
4,,
4,,
4,,
Phenoxybenzamine322,Capsule,10mg
Phenoxybenzamine322,Capsule,
Bosentan323,Tablet,62.5mg
Sildenafil324,Tablet,25mg
Tadalafil325,Tablet,20mg
Tadalafil325,Tablet,
Amlodipine + Hydrochlorothiazide (HCTZ),Tablet,5mg + 12.5mg
Amlodipine + Indapamide,Tablet,5mg + 1.25mg
Lisinopril + Hydrochlorothiazide (HCTZ),Tablet,20mg + 12.5mg
Losartan + Hydrochlorothiazide (HCTZ),Tablet,50mg + 12.5mg
Perindopril + Amlodipine,Tablet,5mg + 5mg
Perindopril + Amlodipine,Tablet,5mg + 10mg
Perindopril + Amlodipine + Indapamide,Tablet (Film-coated),5mg + 5mg + 1.25mg
Perindopril + Amlodipine + Indapamide,Tablet (Film-coated),10mg + 10mg+ 2.5mg
Telmisartan + Amlodipine,Tablet,40mg + 5mg
Telmisartan+ Amlodipine+ Hydrochlorothiazide (HCTZ),Tablet,40mg + 5mg + 12.5mg
Telmisartan + Hydrochlorothiazide (HCTZ),Tablet,40mg + 12.5mg
3,,
3,,
Bisoprolol,Tablet,2.5mg
Bisoprolol,Tablet,5mg
Carvedilol,Tablet,3.125mg
Carvedilol,Tablet,6.25mg
Carvedilol,Tablet,12.5mg
Carvedilol,Tablet,25mg
Digoxin,Oral liquid326,50 micrograms/mL
Digoxin,Tablet,125 micrograms
Dobutamine,Injection (solution),12.5mg/mL (20mL)
Dopamine327,Injection,40mg/mL (as HCl) (5mL vial)
Empagliflozin,Tablet,10mg
Enalapril,Tablet (scored),5mg (as hydrogen maleate)
Eplerenone,Tablet,25mg
Furosemide,Injection,10mg/mL (2mL amp)
Furosemide,Tablet (cross-scored)328,40mg
Hydralazine,Tablet,25mg (as HCl)
Hydralazine,Tablet,50mg (as HCl)
Isosorbide dinitrate,Tablet,20mg
Ivabradine,Tablet (f/c),5mg
7.5mg,5,
Losartan,Tablet (f/c),50mg
Metolazone329,Tablet,5mg
Milrinone330,Injection (solution),1mg/mL (10mL)
Nitroglycerin (NTG),Injection,2.5mg/mL (10mL) amp
Norepinephrine (Noradrenaline)331,Injection,1mg/mL
Sacubitril + Valsartan332,Tablet (f/c),24mg + 26mg
Sacubitril + Valsartan332,Tablet (f/c),48mg + 52mg
Spironolactone,Tablet (scored),25mg
Torsemide333,Tablet (scored),20mg
Torsemide333,Tablet (scored),10mg
Torsemide333,Tablet (scored),
Torsemide333,Tablet (scored),
Acetylsalicylic acid (Aspirin),Tablet,75mg
Clopidogrel,Tablet,75mg
Acetylsalicylic acid (Aspirin) + Clopidogrel,Tablet,75mg + 75mg
Acetylsalicylic acid (Aspirin) + Clopidogrel,Tablet,
Alteplase334,PFI,50mg
Alteplase334,PFI,100mg
Reteplase335,PFI,10 Units
Tenecteplase336,PFI with prefilled syringe with 10mL water for injection,50mg (10000IU)
Tenecteplase336,PFI with prefilled syringe with 10mL water for injection,
Atorvastatin,Tablet,20mg
Atorvastatin,40mg,3
Atorvastatin,80mg,3
Atorvastatin,80mg,
Atorvastatin,80mg,
Clotrimazole,Cream,1%
Miconazole,Cream,2% (as nitrate)
Terbinafine337,Cream,1% (as HCl)
Terbinafine337,Cream,
Fusidic acid338,Ointment,2% (15g)
Mupirocin339,Ointment,2% (15g)
Silver sulphadiazine340,Cream,1% (50g)
Silver sulphadiazine340,1% (250g),2
Silver sulphadiazine340,1% (250g),
Betamethasone341,Cream,0.1% (as valerate)
Ointment342,0.1% (as valerate),4
Calamine,Lotion,15%
Clobetasone propionate,Ointment,0.05%
Crotamiton343,Cream,10% (30g)
Hydrocortisone,Cream,1% (as acetate)
Hydrocortisone,Ointment,1% (as acetate)
Mometasone344,Ointment,0.1% (as furoate) (30g)
Tacrolimus345,Ointment,0.03% (as monohydrate) (10g)
Tacrolimus345,Ointment,0.1% (as monohydrate) (10g)
Tacrolimus345,Ointment,
Benzoyl peroxide346,Gel,5% (30g)
Dithranol347,Paste,2%
Podophyllin resin348,Solution,15% (in benzoin tincture) (15mL)
Salicylic acid349,Ointment,3%
Tretinoin350,Cream,0.05%
Tretinoin350,Cream,
Benzyl Benzoate351,Lotion,25% (50mL)
Calamine,Lotion,15%
Crotamiton352,Cream,10% (30g)
Crotamiton352,Cream,
Benzyl Benzoate353,Lotion,25% (50mL)
White soft paraffin (Petroleum jelly)354,Topical application,100g
White soft paraffin (Petroleum jelly)354,Topical application,
Sun screening agent(s)355,Cream or lotion,SPF 50+
Sun screening agent(s)355,Cream or lotion,
Sun screening agent(s)355,Cream or lotion,
Fluorescein,Test strip,0.6mg
Tropicamide + Phenylephrine356,Eye drops,0.8% + 5% w/v
Tropicamide + Phenylephrine356,Eye drops,
Amidotrizoate357,Solution (oral and rectal use),370-420mg iodine/mL (as sodium or meglumine salt) (100mL)
Barium sulphate,Suspension (aq),95% w/w concentration (1 litre)
Barium sulphate,Paste (for oral or rectal use) 358,92% w/w concentration
Iso-osmolar contrast media359,Solution for IV injection/ infusion,320mg iodine/mL (100mL)
Non-ionic low osmolar water- soluble iodinated contrast media360,Injection,300mg iodine/mL (50mL) [c]361
Non-ionic low osmolar water- soluble iodinated contrast media360,Injection,300mg iodine/mL (100mL) [c]362
Non-ionic low osmolar water- soluble iodinated contrast media360,Injection,350mg iodine/mL (50mL)363
Non-ionic low osmolar water- soluble iodinated contrast media360,Injection,350mg iodine/mL (100mL)364
Non-ionic low osmolar water- soluble iodinated contrast media360,Injection,"300mg iodine/mL (50mL) [For intrathecal, oral, intra-cavitary and intravenous use] [c]365"
Non-ionic low osmolar water- soluble iodinated contrast media360,Injection,"300mg iodine/mL (100mL) [For intrathecal, oral, intra-cavitary and intravenous use] [c]366"
Non-ionic low osmolar water- soluble iodinated contrast media360,Injection,"350mg iodine/mL (50ml) [For oral, intra-cavitary and intravenous use]367"
Non-ionic low osmolar water- soluble iodinated contrast media360,Injection,"350mg iodine/mL (100ml) [For oral, intra-cavitary and intravenous use]368"
Non-ionic low osmolar water- soluble iodinated contrast media360,Injection,
Gadobutrol,Injection (solution) (IV),1mmol/mL (7.5mL)369
Gadobutrol,Injection (solution) (IV),1mmol/mL (15mL)370
Gadodiamide,Injection (solution) (IV),0.5 mmol/mL (20mL)370
Gadopentate dimeglumine,Injection (solution) (IV),0.5 mmol/mL (10mL)371
Gadopentate dimeglumine,0.5 mmol/mL (15mL)372,4
Gadopentate dimeglumine,0.5 mmol/mL (15mL)372,
Gadopentate dimeglumine,0.5 mmol/mL (15mL)372,
Chlorhexidine,Solution for dilution,5% (as gluconate/ digluconate)
Ethanol,Solution,70% (denatured)
Povidone iodine,Solution,10% (equiv. to Iodine 1%)
Povidone iodine,Solution,
Alcohol-based hand rub,Solution,Isopropyl alcohol 75% (500mL dispenser)
Glutaral372,Solution,2%
Sodium hypochlorite,Solution,4-6% chlorine373
Sodium hypochlorite,Solution,
Amiloride,Tablet,5mg (as HCl)
Furosemide374,Injection,10mg/mL (2mL amp)
Furosemide374,Oral liquid,20mg/5mL [c]375
Furosemide374,Tablet (cross-scored),40mg
Hydrochlorothiazide (HCTZ),Tablet (scored),25mg
Mannitol,Injectable solution,20%
Metolazone,Tablet,5mg
Spironolactone376,Tablet (cross-scored),25mg
100mg,4,
Torsemide,Tablet,10mg
Torsemide,20mg,4
Torsemide,20mg,
Torsemide,20mg,
Lansoprazole,Tablet (dispersible),15mg [c]377
Omeprazole,PFI378,40mg (as sodium salt) vial
Omeprazole,Capsule,20mg
Pantoprazole,Tablet (dispersible),20mg
Pantoprazole,Capsule,20mg
Pantoprazole,PFI,40mg
Pantoprazole,PFI,
Dexamethasone,Tablet,4mg
Dexamethasone,2mg,4
Dexamethasone,0.5mg,4
Dexamethasone,Injection,4mg/mL in 1mL amp as disodium phosphate salt
Domperidone379,Oral liquid,5mg/5mL
Domperidone379,Tablet,10mg
Fosaprepitant380,Injection,150mg
Metoclopramide381,Injection,5mg/mL (2mL amp)
10mg,2,
Olanzapine382,Tablet,5mg
Ondansetron383,Injection,2mg (as HCl)/mL (2mL amp)
Ondansetron383,Oral liquid,4mg base/5mL [c]384
Ondansetron383,Tablet,4mg (as HCl)
Palonosetron385,Injection,"0.05mg/mL, 5mL vial"
Palonosetron385,Injection,
Mesalazine,Tablet (e/c),400mg
Mesalazine,Suppository,1g
Mesalazine,Enema,4g/60mL
Prednisolone,Tablet,5mg
Prednisolone,Tablet,
Bisacodyl,Tablet,5mg
Bisacodyl,Suppository,5mg
Lactulose386,Oral liquid,3.1-3.7g/5mL
Lactulose386,Oral liquid,
Oral rehydration salts + Zinc sulphate,Co-pack (4 sachets + 10 Tablet (dispersible)),PFOL in sachet to make 500mL + 20mg Tablet [c]
Oral rehydration salts (ORS),PFOL (to make 500mL),Sachet (WHO low- osmolarity formula)
Rehydration solution for malnutrition (ReSoMal)387,PFOL (to make 1L),Sachet (42g) (WHO formula)
Rehydration solution for malnutrition (ReSoMal)387,PFOL (to make 1L),
Terlipressin388,Injection,1mg (as acetate) in 8.5ml solution
Terlipressin388,Injection,
Propranolol,Tablet,20mg
Propranolol,Tablet,40mg
Spironolactone,Tablet,25mg
Spironolactone,Tablet,100mg
Spironolactone,Tablet,
Spironolactone,Tablet,
Fludrocortisone389,Tablet,100 micrograms (as acetate)
Hydrocortisone390,Tablet,5mg
Hydrocortisone390,Tablet,20mg
Hydrocortisone390,Injection,100mg/vial
Hydrocortisone390,Injection,
Testosterone,Gel391,1%
Testosterone,Injection (oily)392,250mg (as enanthate)/1mL amp
Testosterone,Injection (oily)392,
Conjugated Oestrogens,Tablet393,300 micrograms
Conjugated Oestrogens,Cream (Vaginal)394,0.625mg/g (30g)
Estradiol395,Transdermal patch,0.1mg/day
Estradiol395,Transdermal patch,
Medroxyprogesterone396,Tablet,5mg (as acetate)
Medroxyprogesterone396,Tablet,
Medroxyprogesterone396,Tablet,
"Insulin, intermediate-acting (NPH)",Injection,100 IU/mL (10mL vial)
"Insulin, long-acting, Detemir",Injection,100U/mL (10mL vial)
"Insulin, long-acting, Detemir",Injection,100 IU/mL (3 mL cartridge or prefilled pen)
"Insulin, Long-acting (basal), Glargine",Injection,100 IU/mL (10mL vial)
"Insulin, Long-acting (basal), Glargine",Injection,100 IU/mL (3 mL cartridge or prefilled pen)
"Insulin, Premixed (Short acting + Intermediate acting) (Human)397",Injection,100 IU/mL (10mL vial)
"Insulin, Premixed (Short acting + Intermediate acting) (Human)397",Injection,100 IU/mL (3mL prefilled pen)
"Insulin, Premixed (Ultra short acting + Intermediate acting)398",Injection,100 IU/mL (10mL vial)
"Insulin, Premixed (Ultra short acting + Intermediate acting)398",Injection,100 IU/mL (3mL prefilled pen)
"Insulin, Short acting (Soluble / regular)",Injection,100 IU/mL (10mL vial)
"Insulin, Short acting (Soluble / regular)",Injection,100IU/mL (3mL penfill)
"Insulin, Ultra short-acting (Rapid) (Insulin Lispro and Aspart)",Injection,100 IU/mL (10mL vial)
"Insulin, Ultra short-acting (Rapid) (Insulin Lispro and Aspart)",Injection,100IU/mL (3mL prefilled pen)
"Insulin, Ultra short-acting (Rapid) (Insulin Lispro and Aspart)",Injection,
"Insulin, Ultra short-acting (Rapid) (Insulin Lispro and Aspart)",Injection,
Gliclazide399,Tablet (m/r),30mg
60mg,3,
40mg,3,
3,,
3,,
Metformin400,Tablet,500mg (as HCl)
Metformin400,850mg (as HCl),3
Metformin400,1gm (as HCl),3
Metformin400,1gm (as HCl),
Pioglitazone401,Tablet,15mg
Pioglitazone401,30mg,4
Pioglitazone401,30mg,
Linagliptin402,Tablet (f/c),5mg
Sitagliptin403,Tablet,50mg
Sitagliptin403,100mg,5
Sitagliptin403,100mg,
Empagliflozin404,Tablet,10mg
Empagliflozin404,25mg,5
Empagliflozin404,25mg,
Empagliflozin + Metformin,Tablet (i/r),12.5mg + 500mg
Empagliflozin + Metformin,12.5mg + 1000mg,4
Empagliflozin + Metformin,5mg + 500mg,4
Empagliflozin + Metformin,5mg + 1000mg,4
Pioglitazone + Metformin,Tablet,15mg + 500mg
4,,
Sitagliptin + Metformin,Tablet,50mg + 500mg
Sitagliptin + Metformin,Tablet,50mg + 850mg
Sitagliptin + Metformin,Tablet,50mg + 1000mg
Sitagliptin + Metformin,Tablet,
Diazoxide405,Suspension,50mg/mL
Glucagon,injection,1mg/mL
Glucagon,injection,
Carbimazole,Tablet,5mg
Carbimazole,Tablet,10mg
Levothyroxine,Tablet,25 micrograms [c] (as sodium salt)
Levothyroxine,Tablet,50 micrograms (as sodium salt)
Levothyroxine,Tablet,100 micrograms (as sodium salt)
Lugolâ€™s Iodine solution406,Solution,~130mg total iodine/mL
Propranolol407,Tablet (scored),40mg
Propylthiouracil408,Tablet,50mg
Propylthiouracil408,Tablet,
Calcitriol (Vit D3)409,Capsule,250 micrograms
Calcitriol (Vit D3)409,Injection,1 microgram/mL (1 mL)
Calcitriol (Vit D3)409,Injection,
Cabergoline410,Tablet,0.5mg
Desmopressin,Injection411,4mcg/mL
Desmopressin,Nasal spray412,10mcg/spray
Somatropin (recombinant human growth hormone)413,Prefilled pen,12mg
Somatropin (recombinant human growth hormone)413,Prefilled pen,
Somatropin (recombinant human growth hormone)413,Prefilled pen,
"Tuberculin, purified protein, derivative (PPD)414",Injection (solution),0.1mL vial (single dose)
"Tuberculin, purified protein, derivative (PPD)414",Injection (solution),
Anti Snake venom immunoglobulin415,Injection (for IV infusion),Polyvalent serum (African) (10mL vial)
Anti Snake venom immunoglobulin415,Injection (for IV infusion),
Anti Snake venom immunoglobulin415,Injection (for IV infusion),
BCG vaccine (live attenuated),PFI + diluent,1mL vial (multi doses)
DPT + HiB + Hep B vaccine (pentavalent)416,Injection (suspension),5mL vial (10 doses)
Hepatitis B vaccine,Injection (suspension),Single dose vial
Hepatitis B vaccine,Injection (suspension),Multi dose vial
HPV vaccine (quadrivalent)417,Injection,Single or multi dose vial
Measles + Rubella vaccine (MR)418,PFI + diluent,5mL vial (10 doses)
Pneumococcal vaccine (10-valent ads. conjugate),Injection (suspension),2mL vial (4 doses)
Pneumococcal vaccine (13 valent or higher adsorbed conjugate)419,Injection (syringe),Single or multi dose vial
Polio vaccine (IPV),Injection,Multi dose vial
"Polio vaccine, oral (OPV) (live attenuated)",Oral drops,10mL vial (20 doses)
Rotavirus vaccine420,Oral suspension,5 dose vial
Tetanus + Diphtheria (Td) vaccine421,Injection,10mL vial (20 doses)
Tetanus + Diphtheria + Pertussis (Tdap) vaccine422,Injection,0.5mL (single dose)
Tetanus + Diphtheria + Pertussis (Tdap) vaccine422,Injection,
"Yellow fever vaccine (live, attenuated)423",Injection,Single or multi dose vial
"Yellow fever vaccine (live, attenuated)423",Injection,
Cholera vaccine,Oral suspension,1.5mL vial (single dose) - single dose vial
Hepatitis A vaccine,Injection,80 units (Paed)
Hepatitis A vaccine,160 units (Adult),2
Malaria vaccine424,Injection,1mL vial (2 doses)
Meningococcal meningitis vaccine425,Injection,Single or multi dose
Rabies vaccine (cell culture),Injection,Single dose (Purified Verocell / Human diploid)
Typhoid vaccine426,Injection (solution),Single or multi dose
Typhoid vaccine426,Injection (solution),
Influenza vaccine (inactivated)427,Injection,0.5mL vial (single dose)
Influenza vaccine (inactivated)427,Injection,
Influenza vaccine (inactivated)427,Injection,
Acyclovir428,Eye ointment,3%
Dexamethasone + Polymixin B sulphate + Neomycin sulphate429,Ointment,"1mg dexamethasone, 6000 IU polymixin B sulphate, 3500 IU neomycin sulphate"
Erythromycin430,Eye ointment,0.5% [c]
Gentamicin,Eye drops,0.3% (as sulphate) (10mL)
Gentamicin + Dexamethasone431,Eye drops,0.3% + 0.1%
Moxifloxacin,Eye drops,0.5% (as HCL)
Natamycin432,Eye drops,5%
Ofloxacin,Eye drops,0.3% (as sulphate)
Ofloxacin + Dexamethasone,Solution (eye-drops),0.3 + 0.1%
Tetracycline,Eye ointment,1% (as HCl)
Tobramycin,Solution (eye-drops),0.3% (as sulphate)
Tobramycin + Dexamethasone,Solution (eye-drops),0.3 + 0.1%
Voriconazole,Powder for eye-drops,1% w/v(Lyophilized)
Voriconazole,Powder for eye-drops,
Dexamethasone,Solution (eye-drops),0.1%
Fluorometholone433,Solution (eye-drops),0.1%
Ketorolac trometamol434,Solution (eye-drops),0.5%
Methylprednisolone435,PFI,1g vial (as sodium succinate)
Prednisolone,Solution (eye-drops),1% (as acetate) (5mL)
Triamcinolone436,Injection suspension,40mg/1mL amp (as acetonide or hexacetonide)
Triamcinolone436,Injection suspension,
Lignocaine437,Solution (eye-drops),2% (as HCL)
Lignocaine + Epinephrine (Adrenaline),Solution (eye-drops),"Lignocaine 2% and Epinephrine (Adrenaline) 1:100,000 or1:200,000 (as HCl)"
Proparacaine438,Solution (eye-drops),0.5% (as HCl)
Tetracaine,Solution (eye-drops),0.5% (as HCl)
Tetracaine,Solution (eye-drops),
Acetazolamide439,Tablet,250mg
Bimatoprost440,Solution (eye-drops),0.01%
Bimatoprost440,Solution (eye-drops),0.03%
Bimatoprost + Timolol,Solution (eye-drops),Bimatoprost 0.03% +Timolol 0.5%
Brimonidine + Timolol,Solution (eye-drops),Brimonidine 0.2% +Timolol 0.5%
Dorzolamide,Solution (eye-drops),2% (as HCl)
Latanoprost,Solution (eye-drops),0.005%
Pilocarpine,Solution (eye-drops)441,4% (as HCl or nitrate)
2%,5,
1%,5,
0.5% w/v(as nitrate) vial,5,
Timolol,Solution (eye-drops),0.5% (as hyd. maleate)
Timolol,Solution (eye-drops),
Atropine,Solution (eye-drops),0.1% (as sulphate) [c]443
Atropine,0.5% (as sulphate),4
Cyclopentolate444,Solution (eye-drops),1%
Tropicamide + phenylephrine445,Solution (eye-drops),0.8% + 5% w/v
Tropicamide + phenylephrine445,Solution (eye-drops),
Aflibercept446,Injection,0.05mL (2mg vial)
Bevacizumab447,Injection,25mg/mL (4mL vial)
Ranibizumab448,Injection,6mg/mL (0.3mg vial)
Ranibizumab448,10mg/mL (0.5mg vial),6
Ranibizumab448,10mg/mL (0.5mg vial),
Azelastine449,Solution (eye-drops),0.05%
Olopatadine450,Solution (eye-drops),0.1% (HCl)
Olopatadine450,0.2% (HCl),5
Sodium cromoglicate,Solution (eye-drops),2%
Sodium cromoglicate,Solution (eye-drops),
Hypertonic saline451,Solution (eye-drops),3%
Methyl cellulose452,Solution (eye-drops),0.3 - 1%
Polyacrylic acid453,Eye Gel,0.2%
Riboflavin454,Solution (eye-drops),0.1% with Dextran
Riboflavin454,Solution (eye-drops),0.1% without Dextran
Sodium Hyaluronate455,Solution (eye-drops),1% (preseverative free)
Trypan blue456,Intracameral Solution,0.06%
Trypan blue456,Intracameral Solution,
Trypan blue456,Intracameral Solution,
Trypan blue456,Intracameral Solution,
Ethinylestradiol + Levonorgestrel,Tablet,30 micrograms + 150 micrograms
Ethinylestradiol + Norethisterone,Tablet,35 micrograms + 1mg
Levonorgestrel457,Tablet,30 micrograms
Levonorgestrel457,Tablet,
Levonorgestrel,Tablet,750 micrograms (pack of 2)458
Levonorgestrel,Tablet,1.5mg
Levonorgestrel,Tablet,
Medroxyprogesterone acetate (DMPA),Depot Injection (IM)459,150mg/1mL (prefilled syringe)
Medroxyprogesterone acetate (DMPA),Depot Injection (SC)460,104 mg/0.65 mL (prefilled syringe)
Medroxyprogesterone acetate (DMPA),Depot Injection (SC)460,
Copper-containing device461,,
Levonorgestrel (LNG)462,LNG-releasing Intrauterine system (LNG-IUS),Reservoir with 52mg
Levonorgestrel (LNG)462,LNG-releasing Intrauterine system (LNG-IUS),
Etonorgestrel-releasing implant,Implant,68mg (1 rod)
Levonorgestrel-releasing implant,Implant,150mg (2 x 75mg rods)
Levonorgestrel-releasing implant,Implant,
Clomifene463,Tablet,50mg (as citrate)
Human chorionic gonadotropin (HCG),Injection,"5,000 IU/vial"
Human menopausal gonadotropin (HMG)464,Injection,75 IU
Letrozole,Tablets,2.5mg
Letrozole,Tablets,
Danazol,Capsule,50mg
Dienogest,Tablet,2mg
Goserelin,"Injection (depot, SC)",3.6mg (as acetate)
Levonorgestrel (LNG),LNG-releasing Intrauterine system (LNG-IUS),Reservoir with 52mg
Levonorgestrel (LNG),LNG-releasing Intrauterine system (LNG-IUS),
Goserelin,"Injection (depot, SC)",3.6mg (as acetate)
Leuprorelin (Leuprolide),"Injection (depot, SC)",3.75mg (as acetate)
Leuprorelin (Leuprolide),"Injection (depot, SC)",
Norethisterone465,Tablet,5mg
Norethisterone465,Tablet,
Norethisterone465,Tablet,
Carbetocin466,Injection (heat stable),100 micrograms/mL
Carboprost467,Injection,250 micrograms/mL (as tromethamine)
Ergometrine468,Injection,500 micrograms/1mL (as hydrogen maleate) amp
Mifepristone + Misoprostol469,Tablet,Mifepristone 200mg (1 Tablet) and Misoprostol 200 micrograms (4 vaginal tablets) in Combi-pack
Misoprostol,Tablet,200 micrograms470
Vaginal Tablet,25 micrograms471,2
Oxytocin472,Injection,10 IU/1mL amp
Prostaglandin E2473,Vaginal Tablet,3mg
Prostaglandin E2473,Vaginal Tablet,
Salbutamol,Injection474,500 micrograms (as sulphate)/mL (5mL amp)
Terbutaline,Injection475,"0.5mg/mL, 1mL"
Terbutaline,"0.5mg/mL, 5mL",4
Terbutaline,"0.5mg/mL, 5mL",
Dexamethasone476,Injection,4mg (as disodium phosphate)/mL
Tranexamic acid477,Injection,100mg/mL (10mL amp)
Tranexamic acid477,Injection,
Caffeine citrate,Sterile solution for IV or oral use,20mg/mL [c]478
4,,
Chlorhexidine,Gel480,7.1% (as digluconate) (20 g tube) [c]
Ibuprofen,Injection solution,5mg/mL (2mL amp) [c]
Prostaglandin E2481,Injection solution,1mg/mL [c]
Sildenafil482,PFOL,10mg/mL
Surfactant,Suspension for intratracheal instillation,25mg/mL [c]483
Surfactant,80mg/mL [c]484,5
Surfactant,80mg/mL [c]484,
Continuous ambulatory peritoneal dialysis solution (CAPD),Parenteral solution,Of appropriate composition
Haemodialysis solution,Parenteral solution,Of appropriate composition
Haemodialysis solution,Parenteral solution,
Haemodialysis solution,Parenteral solution,
Aripiprazole485,Tablet,15mg
Aripiprazole485,5mg,4
Chlorpromazine,Injection,25mg (as HCl)/mL (2mL amp)
Tablet,50mg (as HCl)486,2
Tablet,100mg (as HCl),2
Clozapine487,Tablet (scored),100mg
Flupentixol,"Injection (oily, depot)",20mg (as decanoate)/mL (2mL amp)
Fluphenazine,"Injection (oily, depot)",25mg (as decanoate) /1mL amp
Haloperidol,Injection,5mg/1mL amp
50mg/1mL amp,4,
5mg,2,
Midazolam488,Injection (IM),5mg/mL (3mL amp)
Olanzapine489,PFI,10mg
Olanzapine489,Tablet,10mg
Olanzapine489,Tablet,5mg
Olanzapine489,Tablet (dispersible),10mg
Paliperidone palmitate490,Injection,75mg/mL
Paliperidone palmitate490,Injection,100mg/mL
Paliperidone palmitate490,Injection,150mg/mL
Quetiapine,"Tablet (i/r, scored)",100mg
Quetiapine,"Tablet (i/r, scored)",300mg
Quetiapine,"Tablet (i/r, scored)",200mg
Quetiapine,Tablet (e/r),300mg
Quetiapine,Tablet (e/r),200mg
Risperidone,Tablet (scored),2mg
Zuclopenthixol,Injection (aqua)491,100mg (as acetate)/mL (2mL amp)
Zuclopenthixol,"Injection (oily, depot)492",200mg (as decanoate)/1mL amp
Zuclopenthixol,Oral drops493,20mg/mL (20mL)
Zuclopenthixol,Oral drops493,
Zuclopenthixol,Oral drops493,
Amitriptyline,Tablet,25mg (as HCl)
Escitalopram494,Tablet,10mg
Fluoxetine,Tablet (scored),20mg (as HCl)
Mirtazapine495,Tablet,15mg
Venlafaxine,Tablet,75mg
Venlafaxine,37.5mg,4
Venlafaxine,37.5mg,
Carbamazepin,Tablet (cross-scored),200mg
Tablet (Controlled Release),200mg,4
Divalproex sodium,Tablet,500mg
Divalproex sodium,750mg,4
Lamotrigine,Tablet,25mg
Lamotrigine,100mg,5
"Tablet, (chewable, dispersible)",25mg,5
Lithium carbonate496,Tablet (scored),400mg
Tablet (m/r),400mg,6
Quetiapine,"Tablet (i/r, scored)",100mg
Quetiapine,300mg,4
Quetiapine,200mg,4
Tablet (e/r),300mg,4
Tablet (e/r),200mg,4
Tablet (e/r),200mg,
Alprazolam,Tablet,0.25mg
Alprazolam,0.5mg,3
Bromazepam497,Tablet (scored),3mg
Escitalopram,Tablet,10mg
Mirtazapine498,Tablet,15mg
Paroxetine,Tablet,20mg
Propranolol,Tablet,40mg
Propranolol,Tablet,
Clomipramine,Capsule,25mg (as HCl)
Clomipramine,Capsule,
Acamprosate,Tablet,333mg
Vitamin B and C499,Injection (IV),Pair of amps. (2 x 5mL)
Buprenorphine500,Tablet (sublingual),2mg (as HCl)
Buprenorphine500,8mg (as HCl),4
Buprenorphine + Naloxone,Tablet (sublingual),2mg + 500 micrograms (both as HCl)
Buprenorphine + Naloxone,8mg + 2mg (both as HCl),4
Bupropion501,Tablet,150mg
Methadone502,Oral liquid,5mg/mL (as HCl) (concentrate)
Naltrexone,Tablet503,50mg (as HCl)
"Injection (IM, suspension for extended release)504",380mg (as HCl),4
Implant505,765mg (as HCl),6
Nicotine (NRT)506,Chewing gum,2mg
Nicotine (NRT)506,4mg,4
Transdermal patch507,7-21mg/24 hours,4
Transdermal patch507,7-21mg/24 hours,
Atomoxetine,Tablet,10mg
Methylphenidate508,Tablet,10mg
18mg,4,
5,,
5,,
Melatonin509,Tablet (dispersible),4mg
Melatonin509,Tablet (dispersible),3mg
Zolpidem510,Tablet,10mg
Zolpidem510,Tablet,
Zolpidem510,Tablet,
Budesonide,Inhalation (aerosol),100 micrograms/dose (200 dose)
Budesonide,Inhalation (aerosol),200 micrograms/dose (200 dose)
Budesonide + Formoterol,Metered dose inhaler,100 micrograms + 6mg/ metered dose (120 dose)
Budesonide + Formoterol,Metered dose inhaler,200 micrograms + 6mg/ metered dose (120 dose)
Budesonide + Formoterol,Dry powder inhaler,80 micrograms + 4.5mcg/ metered dose (120 dose)
Budesonide + Formoterol,Dry powder inhaler,160 micrograms + 4.5mcg/ metered dose (120 dose)
Epinephrine (adrenaline),Injection,1mg/1mL amp511
Ipratropium bromide,Inhalation (aerosol),20 micrograms/metered dose (200 dose)
Ipratropium bromide,Nebuliser solution,500 micrograms/2mL unit dose vial (isotonic)
Montelukast,Tablet (chewable),5mg (as sodium salt)512
Montelukast,Tablet,10mg (as sodium salt)
Salbutamol,Nebuliser solution,5mg/mL (as sulphate)
Salbutamol + Beclomethasone513,Inhalation (aerosol),100 micrograms + 50 micrograms
Salbutamol + Ipratropium,Nebuliser solution,Salbutamol 2.5mg as sulphate + Ipratropium 500 micrograms as bromide in 2.5mL Amp
Tiotropium,Powder for inhalation in a Capsule514,18 micrograms / Capsule
Tiotropium,Metered dose Inhaler,2.5 micrograms per actuation
Tiotropium,Metered dose Inhaler,
Nintedanib,Capsule,150mg
Pirfenidone,Tablet,267mg
Pirfenidone,Tablet,
Pirfenidone,Tablet,
Benzocaine + Chlorbutol + Paradichlorobenzene + Turpentine oil,Solution (ear drops),2.7% + 2% + 5% + 15%
Betahistine,Tablet,8mg
Betahistine,Tablet,16mg
Cinnarizine515,Tablet,25mg
Ciprofloxacin,Solution (ear drops),0.3% (as HCl)
Ciprofloxacin + Dexamethasone,Solution (ear drops),0.3% (as HCl) + 0.1%
Clotrimazole,Solution (ear drops),1%
Hydrogen peroxide516,Solution (ear drops),3% (stabilised)
Hydrogen peroxide516,Solution (ear drops),
Budesonide,Nasal spray,100 micrograms / metered dose [c]
Fluticasone517,Nasal spray,27.5 micrograms (as propionate or furoate)
Liquid paraffin,Nasal drops,100%
Neomycin + Betamethasone518,Solution (nasal drops),0.5% (as sulphate) + (0.1% as sodium phosphate)
Sodium chloride,Solution (nasal drops),0.9%
Xylometazoline519,Nasal spray,0.05%
Xylometazoline519,Nasal spray,
Chlorhexidine520,Solution (mouthwash),0.2% (as gluconate/ digluconate)
Lidocaine (Lignocaine)521,Spray,10mg/metered dose (actuation)
Lidocaine (Lignocaine)521,Spray,
Lidocaine (Lignocaine)521,Spray,
Allopurinol,Tablet,100mg
Allopurinol,Tablet,300mg
Colchicine,Tablet,500 micrograms
Febuxostat522,Tablet,40mg
Probenecid523,Tablet,250mg
Probenecid523,Tablet,
Abatacept524,PFI (IV),250mg
Adalimumab525,Injection,40mg/0.4mL
Azathioprine,Tablet,50mg
Baricitinib526,Tablet,2mg
Cyclosporin527,Capsule,25mg
Cyclosporin527,Capsule,100mg
Etanercept,Injection,25mg vial528
Etanercept,Injection,50mg vial529
Golimumab530,Injection (solution) (SC),50mg
Hydroxychloroquine531,Tablet,200mg (as sulphate)
Infliximab532,PFI,100mg
Leflunomide533,Tablet,20mg
Methotrexate (MTX),Tablet534,2.5mg (as sodium salt)
Methotrexate (MTX),Injection (prefilled syringe)535,10mg/mL (0.4mL)
Methotrexate (MTX),Injection (prefilled syringe)535,25mg/mL (0.4mL)
Methylprednisolone,PFI,125mg (as sodium succinate)
Methylprednisolone,PFI,500mg (as sodium succinate)
Prednisolone,Tablet,5mg
Prednisolone,Tablet,20mg
Rituximab536,Injection (IV),10mg/mL (10mL vial)
Rituximab536,Injection (IV),10mg/mL (50mL vial)
Sulfasalazine (SSZ),Tablet,500mg
Tocilizumab537,(Solution for IV infusion),20mg/mL (4mL vial)
Tocilizumab537,"Injection, single use prefilled syringe for subcutaneous injection",162mg/0.9mL
Triamcinolone538,Injection (suspension),40mg/1mL amp (as acetonide or hexacetonide)
Triamcinolone538,Injection (suspension),
Acetylsalicylic acid (Aspirin)539,Tablet (scored),300mg
Adalimumab540,Injection,40mg/0.4mL
Etanercept541,Injection,25mg vial
Methotrexate (MTX),Tablet542,2.5mg (as sodium salt)
10mg/mL (0.4mL),4,
4,,
Rituximab544,Injection (IV),10mg/mL (10mL vial)
Rituximab544,Injection (IV),10mg/mL (50mL vial)
Tocilizumab545,Injection (solution for IV infusion),20mg/mL (4mL vial)
Tocilizumab545,"Injection, single use prefilled syringe for subcutaneous injection",162mg/0.9mL
Triamcinolone546,Injection (suspension),40mg/1mL amp (as acetonide or hexacetonide)
Triamcinolone546,Injection (suspension),
Alendronate,Tablet,70mg
Zoledronic acid,Injection,5mg (in 100mL)
Zoledronic acid,Injection,
Î²-Sitosterol547,Ointment,0.25% w/w (30gm)
Collagenase clostridiopeptidase A + Proteases548,Ointment,1.2 units + 0.24 units (15g)
Distilled water549,Liquid,500mL
Human Epidermal growth factor (recombinant)550,Gel (water-based),60 micrograms (15g)
Human Platelet derived growth factor (recombinant),Gel (water-based),100 micrograms (15g)
Metronidazole551,Gel,0.75% or 0.80%
Papain + Urea (Papain-urea topical)552,Ointment,"521,700 IU + 100mg (15g)"
Silver ion553,Solution,0.01% (100mL)
Silver ion553,Solution,0.01% (250mL)
Silver sulphadiazine554,Cream,1% (50g)
2,,
Zinc Hyaluronate (zinc- hyaluronan),Gel (water-based),15g
Zinc Hyaluronate (zinc- hyaluronan),Gel (water-based),
Zinc Hyaluronate (zinc- hyaluronan),Gel (water-based),
Calcium carbonate555,Tablet,500mg
Calcium Carbonate with Vitamin D,Tablet,Minimum Calcium 1000mg/600IU of vitamin D
Calcium polystyrene sulphonate556,Powder,15g sachet
Magnesium chloride557,Tablet,71.5mg (containing Calcium as carbonate 119mg per Tablet)
Oral rehydration salts (ORS),PFOL (to make 500mL),Sachet (WHO low- osmolarity formula)
Oral rehydration salts + Zinc sulphate,"Co-pack (4 sachets + 10 Tablets, (dispersible))",PFOL in sachet to make 500mL + 20mg Tablet [c]
Potassium chloride558,Tablet (e/r),600mg
Rehydration solution for malnutrition (ReSoMal),PFOL (to make 1L),Sachet (42g) (WHO formula)
Sevelamer559,Tablet,400mg
Sevelamer559,800mg,4
Sodium acid phosphate560,Tablets (effervescent),1.936g (equiv. to phosphorus 500mg)
Sodium chloride,Tablet,600mg
Sodium polystyrene sulphonate561,Powder,450g
Sodium hydrogen carbonate (Sodium bicarbonate)562,Tablet,1g
Tolvaptan563,Tablet,15mg
Tolvaptan563,Tablet,
Calcium gluconate564,Injection,100mg/mL (10%) (10mL amp)
Glucose,Injectable solution,5% (isotonic) (500mL infusion pack)
Glucose,Injectable solution,10% (hypertonic) (500mL infusion pack)
Glucose,Injectable solution,50% (hypertonic) (50mL amp)565
Glucose + Sodium chloride566,Injectable solution,5% + 0.9% [c]
Potassium acid phosphate,Injection,13.6% w/v sterile aqueous solution
Potassium chloride,Injectable solution for dilution,15% (10mL amp)567
Sodium chloride,Injectable solution (infusion),0.45% (hypotonic) (500mL) [in collapsible bottle or Euro cap]568
Sodium chloride,Injectable solution (infusion),0.9% (isotonic) (500mL)569
Sodium chloride,Injectable solution (infusion),0.9% (isotonic) (100mL)
Sodium chloride,Injectable solution (infusion),0.9% (isotonic) (250mL)
Sodium chloride,Injectable solution (infusion),3% (hypertonic) (100mL amp)570
Sodium chloride,Injectable solution,30% (hypertonic) (10mL amp)
Sodium hydrogen carbonate (Sodium bicarbonate),Injectable solution,8.4% (10mL amp)571
Sodium lactate compound (Hartmannâ€™s /Ringers lactate),Injectable solution (infusion),BP formula (500mL)572
Water for injection,Injection,10mL amp
Water for injection,Injection,
Ascorbic acid (Vit C)573,Tablet,50mg
Ascorbic acid (Vit C)573,250mg,2
Ascorbic acid (Vit C)573,1g,2
Calcitriol (Vit D3)574,Capsule,250 micrograms
Injection,1 microgram/mL (1 mL),4
Calcium carbonate575,Tablet (chewable),1.25g
Calcium carbonate575,500mg,4
Calcium gluconate,Injection,100mg/mL (10%) (10mL amp)
Cholecalciferol (Vit D3),Oral liquid (drops)576,400 IU/mL [c]
Injection (IM/Oral)577,"300,000 IU/1mL amp",4
Ergocalciferol (Vit D2)578,Oral liquid,"250 micrograms (10,000 IU)/mL"
Tablet / Capsule,"250 micrograms (10,000 IU)",4
Tablet / Capsule,"1.25mg (50,000 IU)",4
Niacinamide579,Tablet,500mg
Omega 3 fatty acids580,Tablet / Capsule,1g
Liquid,250mg to 500mg/100mL (100 to 200mL),2
Pyridoxine (Vit B6),Tablet,25mg (as HCl)581
Tablet (scored),50mg (as HCl)582,2
Retinol (Vit A),Capsule,"50,000 IU (as palmitate)"
Retinol (Vit A),"100,000 IU (as palmitate)",2
Retinol (Vit A),"200,000 IU (as palmitate)",2
Thiamine (Vit B1)583,Tablet,50mg (as HCl)
Vitamins & Minerals Mix584,Powder,1g sachet [c]
Vitamin B12 (Cobalamin),Tablet585,500 micrograms
"1mg/1mL amp (as HCl, acetate or sulphate)",4,
Zinc sulphate586,Tablet (dispersible),20mg
Zinc sulphate586,Tablet (dispersible),
Zinc sulphate586,Tablet (dispersible),
Zinc sulphate586,Tablet (dispersible),
Amino acids,Solution for IV infusion,21g amino acid + 12g glutamine per 100mL bottle587
Amino acids,Solution for IV infusion,5-6% (100ml bottle) [c]588
Amino acids,Solution for IV infusion,7% (500ml bottle)589
Amino acids,Solution for IV infusion,8% (500ml bottle)590
Amino acids,Solution for IV infusion,10% (500ml bottle)591
Combined amino acid and glucose formulation for central administration-two chamber bag for central admnistration592,Solution for IV infusion,1 litre
"Combined amino acid, glucose and lipids with medium chain Triglycerides (MCT) / Long chain Triglycerides (LCT) - Three Chamber Bag For Central Administration593",Solution for IV infusion,1 litre
"Combined amino acid, glucose and lipids with medium chain Triglycerides (MCT) / Long chain Triglycerides (LCT) - Three Chamber Bag For Central Administration593",Solution for IV infusion,2 litres
"Combined amino acid, glucose, and lipids with medium chain Triglycerides (MCT) + Long chain Triglycerides (LCT) - three chamber bag for peripherial administration594",Solution for IV infusion,500mL
"Combined amino acid, glucose, and lipids with medium chain Triglycerides (MCT) + Long chain Triglycerides (LCT) - three chamber bag for peripherial administration594",Solution for IV infusion,1 Litre
"Combined amino acid, glucose, and lipids with medium chain Triglycerides (MCT) + Long chain Triglycerides (LCT) - three chamber bag for peripherial administration594",Solution for IV infusion,1.5 litre
"Combined amino acid, glucose, and lipids with medium chain Triglycerides (MCT) + Long chain Triglycerides (LCT) - three chamber bag for peripherial administration594",Solution for IV infusion,2 litres
Fat (lipid)595,Infusion (emulsion) (IV),20% (100mL) [c]
4,,
Fat-soluble vitamins,"Solution for IV infusion, for infants and children596",10mL [c]
"Solution for IV infusion, adults597",10mL,4
Trace elements,"Solution for IV infusion, Adult598",10mL
"Solution for IV infusion, Paediatric599",10mL [c],4
Water-soluble vitamins Containing Vitamin C and B-complex600,Solution for IV infusion,10mL
Water-soluble vitamins Containing Vitamin C and B-complex600,Solution for IV infusion,
High energy protein fat-free hydrolyzed feed601,Liquid,200mL
Nutritionally complete elemental hepatic formula with MCT for oral / tube feeding602,Liquid,200mL
Nutritionally complete elemental hepatic formula with MCT for oral / tube feeding602,500mL,4
Nutritionally complete glutamine-enriched liquid formula603,Liquid,500mL
"Nutritionally complete High energy, high protein oral / tube feed604",Liquid,200mL
"Nutritionally complete High energy, high protein oral / tube feed604",500mL,4
Nutritionally complete hydrolysed feeds with MCT fibre-free605,Liquid,500mL
Nutritionally complete hypercaloric liquid formula feed606,Liquid,500mL
"Nutritionally complete, hypocaloric oral / tube feed liquid diet with fibre607",Liquid,200mL
"Nutritionally complete, hypocaloric oral / tube feed liquid diet with fibre607",Liquid,500mL
Nutritionally complete isocaloric liquid diet with fibre for oral / tube feeding608,Liquid,200mL
Nutritionally complete isocaloric liquid diet with fibre for oral / tube feeding608,Liquid,500mL
Nutritionally complete isocaloric liquid diet with fibre for oral / tube feeding608,Liquid,1000mL
Nutritionally complete isocaloric liquid diet fibre- free for oral / tube feeding609,Liquid,200mL
Nutritionally complete isocaloric liquid diet fibre- free for oral / tube feeding609,Liquid,500mL
Nutritionally complete isocaloric liquid diet fibre- free for oral / tube feeding609,Liquid,1000mL
Nutritionally complete Iso- caloric paediatric liquid diet for oral / tube feeding610,Liquid,200mL
Nutritionally complete Iso- caloric paediatric liquid diet for oral / tube feeding610,Liquid,500mL
Nutritionally complete liquid low sodium formula611,Liquid,500mL
Nutritionally complete semi- elemental peptide-based formula for oral / tube feed612,Liquid,200mL
Nutritionally complete semi- elemental peptide-based formula for oral / tube feed612,Liquid,500mL
Nutritionally complete semi- elemental peptide-based formula for oral / tube feed612,Liquid,
Adult nutritionally complete isocaloric formula613,Powder,400g
Adult nutritionally complete elemental peptide formula614,Powder,20 to 30g sachet
Amino acids and Vitamin granules615,Powder,5 to 10g sachet
"High calorie, high protein formula",Powder616,200g
200g,4,
Hepatic formula rich in BCAA618,Powder,200g to 500g
Hepatic formula rich in BCAA618,Sachet,4
Nutritionally complete low glycaemic index formula,Powder,50g sachet
Paediatric nutritionally complete isocaloric formula619,Powder,400g [c]
Paediatric nutritionally complete peptide-based formula620,Powder,400g [c]
Specialized Renal formula621,Powder,400g
Specialized Semi-elemental peptide formula622,Powder,400g
Specialized Semi-elemental peptide formula622,Powder,
Fortified Blended Food (FBF),Flour,415kcal/100g (Sachet)623
Fortified Blended Food (FBF),435kcal/100g (Sachet)624,2
Fortified Blended Food (FBF),450kcal/100g (Sachet)625,2
Fortified Blended Food (FBF),"1,000 kcal/250g (Bag or Sachet)626",2
Ready to use supplemental food (RUSF)627,Oral paste / bar / liquid / powder,Standard formula (minimum 350 Kcal/100g)
Ready to use therapeutic food (RUTF)628,Oral paste / bar / liquid / powder,Standard formula (minimum 500 Kcal/100g)
Therapeutic diet feed (F-75)629,PFOL (for approx. 600mL),Standard formula (102.5g sachet)
Standard formula (400g tin),4,
Therapeutic diet feed (F-100)630,PFOL (for approx. 600mL),Standard formula (114g sachet)
PFOL,Standard formula (400g tin),4
PFOL,Standard formula (400g tin),
PFOL,Standard formula (400g tin),
PFOL,Standard formula (400g tin),
Technetium Tc- 99m (99m Tc) Succimer (Technetium Tc-99m Dimercaptosuccinic Acid (DMSA)631,"Injection, prepared from a non-radioactive succimer kit for radiolabelling with 99mTc prior to administration",
Hexamethyl propylene amine oxime (HMPAO) (Technetium- 99m exametazime)632,"Injection, prepared from a non- radioactive exametazine kit for radiolabelling with 99mTc prior to administration",
Iodine -123 (sodium iodide)633,Capsule (Oral),3.7MBq (100uCi)
Iodine -123 (sodium iodide)633,7.4MBq (200uCi),6
Iodine -123 (sodium iodide)633,14.8MBq (400uCi),6
Iodine 131(sodium iodide)634,Capsule (Oral),0.33 MBq (9uCi)
Iodine 131(sodium iodide)634,0.61MBq (16.5uCi),6
Iodine 131(sodium iodide)634,1.11MBq (30uCi),6
Iodine 131(sodium iodide)634,2.03MBq (55uCi),6
Iodine 131(sodium iodide)634,3.7MBq (100uCi),6
Mercaptoacetyltriglycine (MAG3) (Technetium -99m mertiatide)635,"Injection, prepared from a non-radioactive betiatide kit for radiolabelling with 99mTc prior to administration",
Methylene diphosphonate (MDP) (Technetium -99m medronate)636,"Injection, prepared from a non-radioactive medronate kit for radiolabeling with 99mTc prior to administration",
Molybdenum-99 / Technetium-99m radionuclide generator637,Radionuclide generator,"1, 2, 2.5, 3, 4, 4.5, 5, 6, 7.5, 10, 12.5, 15, 18, 20 Ci of 99Mo"
Sesta methoxyisobutylisonitrile (sestamibi) (Technetium -99m Sestamibi)638,"Injection, prepared from a non-radioactive sestamibi kit for radiolabeling with 99mTc prior to administration",
Technetium - 99m disofenin (DISIDA)639,"Injection, prepared from a non-radioactive disofenin kit for radiolabelling with 99mTc prior to administration",
Technetium - 99m leucocytes640,Injection,
Technetium - 99m mebrofenin (BRIDA)641,"Injection, prepared from a non-radioactive mebrofenin kit for radiolabelling with 99mTc prior to administration",
Technetium-99m pentetate (DTPA)642,"Injection, Inhalation, prepared from a non-radioactive pentetate kit for radiolabelling with 99mTc prior to administration",
Technetium-99m sodium pertechnetate643,"Injection, eluted from approved 99Mo/99mTc radionuclide generator",
Technetium-99m sodium pertechnetate,"Precursor radiopharmaceutical, eluted from approved 99Mo/99mTc radionuclide generator",
Technetium-99m sodium pertechnetate,"Precursor radiopharmaceutical, eluted from approved 99Mo/99mTc radionuclide generator",
[Fluorine-18] Prostate Specific Membrane Antigen (PSMA) 1007,,
Fluorodeoxyglucose (FDG) (Fluorine -18),Injection,0.74 â€“ 11.1 GBq (20 â€“ 300 mCi/mL)
Gallium-68 oxodotreotide (dotatate),Injection,40 micrograms of oxodotreotide kit for radiolabeling with up to 1110 MBq (30 mCi) of [68Ga]GaCl2
Germanium-68 - Gallium-68 radionuclide generator,Radionuclide generator,0.74 â€“ 1.85 GBq
Germanium-68 - Gallium-68 radionuclide generator,Radionuclide generator,
[Iodine-131] sodium iodide,Oral solution,5 mCi/mL
[Iodine-131] sodium iodide,25 mCi/mL,6
Lutetium-177 oxodotreotide (dotatate),Injection,370 MBq/mL (10 mCi/mL)
Lutetium-177 oxodotreotide (dotatate),Injection,
Finasteride,Tablet,5mg
Tamsulosin,Capsule,400 micrograms (as HCl)
